Workbook

Sheet Palinsesto
B2: =MATCH($F$2,Partite!E:E,0)-1 -> 1121 | C2: Data | D2: =TODAY() -> 46225 | F2: =TEXT(D2, "aaaa-mm-gg") -> 2026-07-22
C4: Campionato | D4: Giornata | E4: Data | F4: Ora | G4: Squadra | H4: V | I4: P | J4: S | K4: GF | L4: GS | M4: Diff. Reti | N4: Punti | O4: Pos. | P4: Forma1 | Q4: Forma2 | R4: Forma3 | S4: Forma4 | T4: Forma5 | U4: % | V4: Diff. | W4: 12+U 4,5 | X4: % | Y4: Multigol | Z4: % | AA4: Over 1,5 | AB4: % | AC4: Data | AD4: 0-2 | AE4: 1-3 | AF4: 2-5
B6: 1 | C6: =VLOOKUP($B$2+B6,Partite!$A$1:$Z$2322,2,FALSE) -> Champions League | D6: =VLOOKUP($B$2+B6,Partite!$A$1:$Z$2322,3,FALSE) -> 0 | E6: =VALUE(TEXT(AC6, "GG/MM/AAAA")) -> 46225 | F6: =VLOOKUP($B$2+B6,Partite!$A$1:$Z$2322,6,FALSE) -> 20:00 (19:00) | G6: =VLOOKUP($B$2+B6,Partite!$A$1:$Z$2322,7,FALSE) -> AC Omonia cy | H6: =IFERROR(VLOOKUP(G6,Classifica!$C$2:$R$131,3,FALSE),"") | I6: =IFERROR(VLOOKUP(G6,Classifica!$C$2:$R$131,4,FALSE),"") | J6: =IFERROR(VLOOKUP(G6,Classifica!$C$2:$R$131,5,FALSE),"") | K6: =IFERROR(VLOOKUP(G6,Classifica!$C$2:$R$131,6,FALSE),"") | L6: =IFERROR(VLOOKUP(G6,Classifica!$C$2:$R$131,7,FALSE),"") | M6: =IFERROR(VLOOKUP(G6,Classifica!$C$2:$R$131,8,FALSE),"") | N6: =IFERROR(VLOOKUP(G6,Classifica!$C$2:$R$131,9,FALSE),"") | O6: =IFERROR(VLOOKUP(G6,Classifica!$C$2:$R$131,16,FALSE),"") | P6: =IFERROR(MID(INDEX(Classifica!M:M, MATCH(G6, Classifica!C:C, 0)), 1, 1), "") | Q6: =IFERROR(MID(INDEX(Classifica!M:M, MATCH(G6, Classifica!C:C, 0)), 3, 1), "") | R6: =IFERROR(MID(INDEX(Classifica!M:M, MATCH(G6, Classifica!C:C, 0)), 5, 1), "") | S6: =IFERROR(MID(INDEX(Classifica!M:M, MATCH(G6, Classifica!C:C, 0)), 7, 1), "") | T6: =IFERROR(MID(INDEX(Classifica!M:M, MATCH(G6, Classifica!C:C, 0)), 9, 1), "") | U6: =IFERROR(IF(P6="","",COUNTIF(P6:T6,"W")*20+COUNTIF(P6:T6,"D")*7),"") | V6: =IFERROR(ABS(U6-U7),"") | W6: =COUNTIFS(Partite!AE:AE,1,Partite!Q:Q,Palinsesto!G6)+COUNTIFS(Partite!AE:AE,1,Partite!S:S,Palinsesto!G6) -> 0 | X6: =IFERROR(AVERAGE(IFERROR(INT(W6/(SUM(H6:J6))*100),""),IFERROR(INT(W7/(SUM(H7:J7))*100),"")),"") | Y6: =INDEX(AD$4:AF$4, MATCH(MAX(AD6:AF6), AD6:AF6, 0)) -> 0-2 | Z6: =IFERROR(INT((LARGE(AD6:AF6,1)/SUM(H6:J6))*100),"") | AA6: =COUNTIFS(Partite!AL:AL,1,Partite!Q:Q,Palinsesto!G6)+COUNTIFS(Partite!AL:AL,1,Partite!S:S,Palinsesto!G6) -> 0 | AB6: =IFERROR(INT(AVERAGE(AA6/(SUM(H6:J6))*100,(AA7/(SUM(H7:J7))*100))),"") | AC6: =VLOOKUP($B$2+B6,Partite!$A$1:$E$2322,5,FALSE) -> 2026-07-22 | AD6: =COUNTIFS(Partite!T:T,1,Partite!G:G,Palinsesto!G6)+COUNTIFS(Partite!W:W,1,Partite!I:I,Palinsesto!G6) -> 0 | AE6: =COUNTIFS(Partite!U:U,1,Partite!H:H,G6)+COUNTIFS(Partite!X:X,1,Partite!J:J,G6) -> 0 | AF6: =COUNTIFS(Partite!V:V,1,Partite!I:I,G6)+COUNTIFS(Partite!Y:Y,1,Partite!K:K,G6) -> 0
G7: =VLOOKUP($B$2+B6,Partite!$A$1:$Z$2322,9,FALSE) -> kz FC Kairat | H7: =IFERROR(VLOOKUP(G7,Classifica!$C$2:$R$131,3,FALSE),"") | I7: =IFERROR(VLOOKUP(G7,Classifica!$C$2:$R$131,4,FALSE),"") | J7: =IFERROR(VLOOKUP(G7,Classifica!$C$2:$R$131,5,FALSE),"") | K7: =IFERROR(VLOOKUP(G7,Classifica!$C$2:$R$131,6,FALSE),"") | L7: =IFERROR(VLOOKUP(G7,Classifica!$C$2:$R$131,7,FALSE),"") | M7: =IFERROR(VLOOKUP(G7,Classifica!$C$2:$R$131,8,FALSE),"") | N7: =IFERROR(VLOOKUP(G7,Classifica!$C$2:$R$131,9,FALSE),"") | O7: =IFERROR(VLOOKUP(G7,Classifica!$C$2:$R$131,16,FALSE),"") | P7: =IFERROR(MID(INDEX(Classifica!M:M, MATCH(G7, Classifica!C:C, 0)), 1, 1), "") | Q7: =IFERROR(MID(INDEX(Classifica!M:M, MATCH(G7, Classifica!C:C, 0)), 3, 1), "") | R7: =IFERROR(MID(INDEX(Classifica!M:M, MATCH(G7, Classifica!C:C, 0)), 5, 1), "") | S7: =IFERROR(MID(INDEX(Classifica!M:M, MATCH(G7, Classifica!C:C, 0)), 7, 1), "") | T7: =IFERROR(MID(INDEX(Classifica!M:M, MATCH(G7, Classifica!C:C, 0)), 9, 1), "") | U7: =IFERROR(IF(P7="","",COUNTIF(P7:T7,"W")*20+COUNTIF(P7:T7,"D")*7),"") | W7: =COUNTIFS(Partite!AE:AE,1,Partite!Q:Q,Palinsesto!G7)+COUNTIFS(Partite!AE:AE,1,Partite!S:S,Palinsesto!G7) -> 0 | Y7: =INDEX(AD$4:AF$4, MATCH(MAX(AD7:AF7), AD7:AF7, 0)) -> 0-2 | Z7: =IFERROR(INT((LARGE(AD7:AF7,1)/SUM(H7:J7))*100),"") | AA7: =COUNTIFS(Partite!AL:AL,1,Partite!Q:Q,Palinsesto!G7)+COUNTIFS(Partite!AL:AL,1,Partite!S:S,Palinsesto!G7) -> 0 | AD7: =COUNTIFS(Partite!T:T,1,Partite!G:G,Palinsesto!G7)+COUNTIFS(Partite!W:W,1,Partite!I:I,Palinsesto!G7) -> 1 | AE7: =COUNTIFS(Partite!U:U,1,Partite!H:H,G7)+COUNTIFS(Partite!X:X,1,Partite!J:J,G7) -> 0 | AF7: =COUNTIFS(Partite!V:V,1,Partite!I:I,G7)+COUNTIFS(Partite!Y:Y,1,Partite!K:K,G7) -> 0
B9: =B6+1 -> 2 | C9: =VLOOKUP($B$2+B9,Partite!$A$1:$Z$2322,2,FALSE) -> Champions League | D9: =VLOOKUP($B$2+B9,Partite!$A$1:$Z$2322,3,FALSE) -> 0 | E9: =VALUE(TEXT(AC9, "GG/MM/AAAA")) -> 46225 | F9: =VLOOKUP($B$2+B9,Partite!$A$1:$Z$2322,6,FALSE) -> 20:30 (19:30) | G9: =VLOOKUP($B$2+B9,Partite!$A$1:$Z$2322,7,FALSE) -> Levski Sofia bg | H9: =IFERROR(VLOOKUP(G9,Classifica!$C$2:$R$131,3,FALSE),"") | I9: =IFERROR(VLOOKUP(G9,Classifica!$C$2:$R$131,4,FALSE),"") | J9: =IFERROR(VLOOKUP(G9,Classifica!$C$2:$R$131,5,FALSE),"") | K9: =IFERROR(VLOOKUP(G9,Classifica!$C$2:$R$131,6,FALSE),"") | L9: =IFERROR(VLOOKUP(G9,Classifica!$C$2:$R$131,7,FALSE),"") | M9: =IFERROR(VLOOKUP(G9,Classifica!$C$2:$R$131,8,FALSE),"") | N9: =IFERROR(VLOOKUP(G9,Classifica!$C$2:$R$131,9,FALSE),"") | O9: =IFERROR(VLOOKUP(G9,Classifica!$C$2:$R$131,16,FALSE),"") | P9: =IFERROR(MID(INDEX(Classifica!M:M, MATCH(G9, Classifica!C:C, 0)), 1, 1), "") | Q9: =IFERROR(MID(INDEX(Classifica!M:M, MATCH(G9, Classifica!C:C, 0)), 3, 1), "") | R9: =IFERROR(MID(INDEX(Classifica!M:M, MATCH(G9, Classifica!C:C, 0)), 5, 1), "") | S9: =IFERROR(MID(INDEX(Classifica!M:M, MATCH(G9, Classifica!C:C, 0)), 7, 1), "") | T9: =IFERROR(MID(INDEX(Classifica!M:M, MATCH(G9, Classifica!C:C, 0)), 9, 1), "") | U9: =IFERROR(IF(P9="","",COUNTIF(P9:T9,"W")*20+COUNTIF(P9:T9,"D")*7),"") | V9: =IFERROR(ABS(U9-U10),"") | W9: =COUNTIFS(Partite!AE:AE,1,Partite!Q:Q,Palinsesto!G9)+COUNTIFS(Partite!AE:AE,1,Partite!S:S,Palinsesto!G9) -> 0 | X9: =IFERROR(AVERAGE(IFERROR(INT(W9/(SUM(H9:J9))*100),""),IFERROR(INT(W10/(SUM(H10:J10))*100),"")),"") | Y9: =INDEX(AD$4:AF$4, MATCH(MAX(AD9:AF9), AD9:AF9, 0)) -> 0-2 | Z9: =IFERROR(INT((LARGE(AD9:AF9,1)/SUM(H9:J9))*100),"") | AA9: =COUNTIFS(Partite!AL:AL,1,Partite!Q:Q,Palinsesto!G9)+COUNTIFS(Partite!AL:AL,1,Partite!S:S,Palinsesto!G9) -> 0 | AB9: =IFERROR(INT(AVERAGE(AA9/(SUM(H9:J9))*100,(AA10/(SUM(H10:J10))*100))),"") | AC9: =VLOOKUP($B$2+B9,Partite!$A$1:$E$2322,5,FALSE) -> 2026-07-22 | AD9: =COUNTIFS(Partite!T:T,1,Partite!G:G,Palinsesto!G9)+COUNTIFS(Partite!W:W,1,Partite!I:I,Palinsesto!G9) -> 0 | AE9: =COUNTIFS(Partite!U:U,1,Partite!H:H,G9)+COUNTIFS(Partite!X:X,1,Partite!J:J,G9) -> 0 | AF9: =COUNTIFS(Partite!V:V,1,Partite!I:I,G9)+COUNTIFS(Partite!Y:Y,1,Partite!K:K,G9) -> 0
G10: =VLOOKUP($B$2+B9,Partite!$A$1:$Z$2322,9,FALSE) -> ro CS U Craiova | H10: =IFERROR(VLOOKUP(G10,Classifica!$C$2:$R$131,3,FALSE),"") | I10: =IFERROR(VLOOKUP(G10,Classifica!$C$2:$R$131,4,FALSE),"") | J10: =IFERROR(VLOOKUP(G10,Classifica!$C$2:$R$131,5,FALSE),"") | K10: =IFERROR(VLOOKUP(G10,Classifica!$C$2:$R$131,6,FALSE),"") | L10: =IFERROR(VLOOKUP(G10,Classifica!$C$2:$R$131,7,FALSE),"") | M10: =IFERROR(VLOOKUP(G10,Classifica!$C$2:$R$131,8,FALSE),"") | N10: =IFERROR(VLOOKUP(G10,Classifica!$C$2:$R$131,9,FALSE),"") | O10: =IFERROR(VLOOKUP(G10,Classifica!$C$2:$R$131,16,FALSE),"") | P10: =IFERROR(MID(INDEX(Classifica!M:M, MATCH(G10, Classifica!C:C, 0)), 1, 1), "") | Q10: =IFERROR(MID(INDEX(Classifica!M:M, MATCH(G10, Classifica!C:C, 0)), 3, 1), "") | R10: =IFERROR(MID(INDEX(Classifica!M:M, MATCH(G10, Classifica!C:C, 0)), 5, 1), "") | S10: =IFERROR(MID(INDEX(Classifica!M:M, MATCH(G10, Classifica!C:C, 0)), 7, 1), "") | T10: =IFERROR(MID(INDEX(Classifica!M:M, MATCH(G10, Classifica!C:C, 0)), 9, 1), "") | U10: =IFERROR(IF(P10="","",COUNTIF(P10:T10,"W")*20+COUNTIF(P10:T10,"D")*7),"") | W10: =COUNTIFS(Partite!AE:AE,1,Partite!Q:Q,Palinsesto!G10)+COUNTIFS(Partite!AE:AE,1,Partite!S:S,Palinsesto!G10) -> 0 | Y10: =INDEX(AD$4:AF$4, MATCH(MAX(AD10:AF10), AD10:AF10, 0)) -> 0-2 | Z10: =IFERROR(INT((LARGE(AD10:AF10,1)/SUM(H10:J10))*100),"") | AA10: =COUNTIFS(Partite!AL:AL,1,Partite!Q:Q,Palinsesto!G10)+COUNTIFS(Partite!AL:AL,1,Partite!S:S,Palinsesto!G10) -> 0 | AD10: =COUNTIFS(Partite!T:T,1,Partite!G:G,Palinsesto!G10)+COUNTIFS(Partite!W:W,1,Partite!I:I,Palinsesto!G10) -> 0 | AE10: =COUNTIFS(Partite!U:U,1,Partite!H:H,G10)+COUNTIFS(Partite!X:X,1,Partite!J:J,G10) -> 0 | AF10: =COUNTIFS(Partite!V:V,1,Partite!I:I,G10)+COUNTIFS(Partite!Y:Y,1,Partite!K:K,G10) -> 0
B12: =B9+1 -> 3 | C12: =VLOOKUP($B$2+B12,Partite!$A$1:$Z$2322,2,FALSE) -> Champions League | D12: =VLOOKUP($B$2+B12,Partite!$A$1:$Z$2322,3,FALSE) -> 0 | E12: =VALUE(TEXT(AC12, "GG/MM/AAAA")) -> 46225 | F12: =VLOOKUP($B$2+B12,Partite!$A$1:$Z$2322,6,FALSE) -> 21:00 | G12: =VLOOKUP($B$2+B12,Partite!$A$1:$Z$2322,7,FALSE) -> FK Egnatia al | H12: =IFERROR(VLOOKUP(G12,Classifica!$C$2:$R$131,3,FALSE),"") | I12: =IFERROR(VLOOKUP(G12,Classifica!$C$2:$R$131,4,FALSE),"") | J12: =IFERROR(VLOOKUP(G12,Classifica!$C$2:$R$131,5,FALSE),"") | K12: =IFERROR(VLOOKUP(G12,Classifica!$C$2:$R$131,6,FALSE),"") | L12: =IFERROR(VLOOKUP(G12,Classifica!$C$2:$R$131,7,FALSE),"") | M12: =IFERROR(VLOOKUP(G12,Classifica!$C$2:$R$131,8,FALSE),"") | N12: =IFERROR(VLOOKUP(G12,Classifica!$C$2:$R$131,9,FALSE),"") | O12: =IFERROR(VLOOKUP(G12,Classifica!$C$2:$R$131,16,FALSE),"") | P12: =IFERROR(MID(INDEX(Classifica!M:M, MATCH(G12, Classifica!C:C, 0)), 1, 1), "") | Q12: =IFERROR(MID(INDEX(Classifica!M:M, MATCH(G12, Classifica!C:C, 0)), 3, 1), "") | R12: =IFERROR(MID(INDEX(Classifica!M:M, MATCH(G12, Classifica!C:C, 0)), 5, 1), "") | S12: =IFERROR(MID(INDEX(Classifica!M:M, MATCH(G12, Classifica!C:C, 0)), 7, 1), "") | T12: =IFERROR(MID(INDEX(Classifica!M:M, MATCH(G12, Classifica!C:C, 0)), 9, 1), "") | U12: =IFERROR(IF(P12="","",COUNTIF(P12:T12,"W")*20+COUNTIF(P12:T12,"D")*7),"") | V12: =IFERROR(ABS(U12-U13),"") | W12: =COUNTIFS(Partite!AE:AE,1,Partite!Q:Q,Palinsesto!G12)+COUNTIFS(Partite!AE:AE,1,Partite!S:S,Palinsesto!G12) -> 0 | X12: =IFERROR(AVERAGE(IFERROR(INT(W12/(SUM(H12:J12))*100),""),IFERROR(INT(W13/(SUM(H13:J13))*100),"")),"") | Y12: =INDEX(AD$4:AF$4, MATCH(MAX(AD12:AF12), AD12:AF12, 0)) -> 0-2 | Z12: =IFERROR(INT((LARGE(AD12:AF12,1)/SUM(H12:J12))*100),"") | AA12: =COUNTIFS(Partite!AL:AL,1,Partite!Q:Q,Palinsesto!G12)+COUNTIFS(Partite!AL:AL,1,Partite!S:S,Palinsesto!G12) -> 0 | AB12: =IFERROR(INT(AVERAGE(AA12/(SUM(H12:J12))*100,(AA13/(SUM(H13:J13))*100))),"") | AC12: =VLOOKUP($B$2+B12,Partite!$A$1:$E$2322,5,FALSE) -> 2026-07-22 | AD12: =COUNTIFS(Partite!T:T,1,Partite!G:G,Palinsesto!G12)+COUNTIFS(Partite!W:W,1,Partite!I:I,Palinsesto!G12) -> 0 | AE12: =COUNTIFS(Partite!U:U,1,Partite!H:H,G12)+COUNTIFS(Partite!X:X,1,Partite!J:J,G12) -> 0 | AF12: =COUNTIFS(Partite!V:V,1,Partite!I:I,G12)+COUNTIFS(Partite!Y:Y,1,Partite!K:K,G12) -> 0
G13: =VLOOKUP($B$2+B12,Partite!$A$1:$Z$2322,9,FALSE) -> si NK Celje | H13: =IFERROR(VLOOKUP(G13,Classifica!$C$2:$R$131,3,FALSE),"") | I13: =IFERROR(VLOOKUP(G13,Classifica!$C$2:$R$131,4,FALSE),"") | J13: =IFERROR(VLOOKUP(G13,Classifica!$C$2:$R$131,5,FALSE),"") | K13: =IFERROR(VLOOKUP(G13,Classifica!$C$2:$R$131,6,FALSE),"") | L13: =IFERROR(VLOOKUP(G13,Classifica!$C$2:$R$131,7,FALSE),"") | M13: =IFERROR(VLOOKUP(G13,Classifica!$C$2:$R$131,8,FALSE),"") | N13: =IFERROR(VLOOKUP(G13,Classifica!$C$2:$R$131,9,FALSE),"") | O13: =IFERROR(VLOOKUP(G13,Classifica!$C$2:$R$131,16,FALSE),"") | P13: =IFERROR(MID(INDEX(Classifica!M:M, MATCH(G13, Classifica!C:C, 0)), 1, 1), "") | Q13: =IFERROR(MID(INDEX(Classifica!M:M, MATCH(G13, Classifica!C:C, 0)), 3, 1), "") | R13: =IFERROR(MID(INDEX(Classifica!M:M, MATCH(G13, Classifica!C:C, 0)), 5, 1), "") | S13: =IFERROR(MID(INDEX(Classifica!M:M, MATCH(G13, Classifica!C:C, 0)), 7, 1), "") | T13: =IFERROR(MID(INDEX(Classifica!M:M, MATCH(G13, Classifica!C:C, 0)), 9, 1), "") | U13: =IFERROR(IF(P13="","",COUNTIF(P13:T13,"W")*20+COUNTIF(P13:T13,"D")*7),"") | W13: =COUNTIFS(Partite!AE:AE,1,Partite!Q:Q,Palinsesto!G13)+COUNTIFS(Partite!AE:AE,1,Partite!S:S,Palinsesto!G13) -> 0 | Y13: =INDEX(AD$4:AF$4, MATCH(MAX(AD13:AF13), AD13:AF13, 0)) -> 0-2 | Z13: =IFERROR(INT((LARGE(AD13:AF13,1)/SUM(H13:J13))*100),"") | AA13: =COUNTIFS(Partite!AL:AL,1,Partite!Q:Q,Palinsesto!G13)+COUNTIFS(Partite!AL:AL,1,Partite!S:S,Palinsesto!G13) -> 0 | AD13: =COUNTIFS(Partite!T:T,1,Partite!G:G,Palinsesto!G13)+COUNTIFS(Partite!W:W,1,Partite!I:I,Palinsesto!G13) -> 0 | AE13: =COUNTIFS(Partite!U:U,1,Partite!H:H,G13)+COUNTIFS(Partite!X:X,1,Partite!J:J,G13) -> 0 | AF13: =COUNTIFS(Partite!V:V,1,Partite!I:I,G13)+COUNTIFS(Partite!Y:Y,1,Partite!K:K,G13) -> 0
B15: =B12+1 -> 4 | C15: =VLOOKUP($B$2+B15,Partite!$A$1:$Z$2322,2,FALSE) -> Eliteserien | D15: =VLOOKUP($B$2+B15,Partite!$A$1:$Z$2322,3,FALSE) -> 2 | E15: =VALUE(TEXT(AC15, "GG/MM/AAAA")) -> 46225 | F15: =VLOOKUP($B$2+B15,Partite!$A$1:$Z$2322,6,FALSE) -> 19:00 | G15: =VLOOKUP($B$2+B15,Partite!$A$1:$Z$2322,7,FALSE) -> Bodø/Glimt | H15: =IFERROR(VLOOKUP(G15,Classifica!$C$2:$R$131,3,FALSE),"") -> 9 | I15: =IFERROR(VLOOKUP(G15,Classifica!$C$2:$R$131,4,FALSE),"") -> 2 | J15: =IFERROR(VLOOKUP(G15,Classifica!$C$2:$R$131,5,FALSE),"") -> 2 | K15: =IFERROR(VLOOKUP(G15,Classifica!$C$2:$R$131,6,FALSE),"") -> 31 | L15: =IFERROR(VLOOKUP(G15,Classifica!$C$2:$R$131,7,FALSE),"") -> 11 | M15: =IFERROR(VLOOKUP(G15,Classifica!$C$2:$R$131,8,FALSE),"") -> 20 | N15: =IFERROR(VLOOKUP(G15,Classifica!$C$2:$R$131,9,FALSE),"") -> 29 | O15: =IFERROR(VLOOKUP(G15,Classifica!$C$2:$R$131,16,FALSE),"") -> 3 | P15: =IFERROR(MID(INDEX(Classifica!M:M, MATCH(G15, Classifica!C:C, 0)), 1, 1), "") -> W | Q15: =IFERROR(MID(INDEX(Classifica!M:M, MATCH(G15, Classifica!C:C, 0)), 3, 1), "") -> W | R15: =IFERROR(MID(INDEX(Classifica!M:M, MATCH(G15, Classifica!C:C, 0)), 5, 1), "") -> D | S15: =IFERROR(MID(INDEX(Classifica!M:M, MATCH(G15, Classifica!C:C, 0)), 7, 1), "") -> W | T15: =IFERROR(MID(INDEX(Classifica!M:M, MATCH(G15, Classifica!C:C, 0)), 9, 1), "") -> W | U15: =IFERROR(IF(P15="","",COUNTIF(P15:T15,"W")*20+COUNTIF(P15:T15,"D")*7),"") -> 87 | V15: =IFERROR(ABS(U15-U16),"") -> 53 | W15: =COUNTIFS(Partite!AE:AE,1,Partite!Q:Q,Palinsesto!G15)+COUNTIFS(Partite!AE:AE,1,Partite!S:S,Palinsesto!G15) -> 0 | X15: =IFERROR(AVERAGE(IFERROR(INT(W15/(SUM(H15:J15))*100),""),IFERROR(INT(W16/(SUM(H16:J16))*100),"")),"") -> 0 | Y15: =INDEX(AD$4:AF$4, MATCH(MAX(AD15:AF15), AD15:AF15, 0)) -> 0-2 | Z15: =IFERROR(INT((LARGE(AD15:AF15,1)/SUM(H15:J15))*100),"") -> 53 | AA15: =COUNTIFS(Partite!AL:AL,1,Partite!Q:Q,Palinsesto!G15)+COUNTIFS(Partite!AL:AL,1,Partite!S:S,Palinsesto!G15) -> 0 | AB15: =IFERROR(INT(AVERAGE(AA15/(SUM(H15:J15))*100,(AA16/(SUM(H16:J16))*100))),"") -> 0 | AC15: =VLOOKUP($B$2+B15,Partite!$A$1:$E$2322,5,FALSE) -> 2026-07-22 | AD15: =COUNTIFS(Partite!T:T,1,Partite!G:G,Palinsesto!G15)+COUNTIFS(Partite!W:W,1,Partite!I:I,Palinsesto!G15) -> 7 | AE15: =COUNTIFS(Partite!U:U,1,Partite!H:H,G15)+COUNTIFS(Partite!X:X,1,Partite!J:J,G15) -> 0 | AF15: =COUNTIFS(Partite!V:V,1,Partite!I:I,G15)+COUNTIFS(Partite!Y:Y,1,Partite!K:K,G15) -> 2
G16: =VLOOKUP($B$2+B15,Partite!$A$1:$Z$2322,9,FALSE) -> HamKam | H16: =IFERROR(VLOOKUP(G16,Classifica!$C$2:$R$131,3,FALSE),"") -> 5 | I16: =IFERROR(VLOOKUP(G16,Classifica!$C$2:$R$131,4,FALSE),"") -> 3 | J16: =IFERROR(VLOOKUP(G16,Classifica!$C$2:$R$131,5,FALSE),"") -> 4 | K16: =IFERROR(VLOOKUP(G16,Classifica!$C$2:$R$131,6,FALSE),"") -> 20 | L16: =IFERROR(VLOOKUP(G16,Classifica!$C$2:$R$131,7,FALSE),"") -> 22 | M16: =IFERROR(VLOOKUP(G16,Classifica!$C$2:$R$131,8,FALSE),"") -> -2 | N16: =IFERROR(VLOOKUP(G16,Classifica!$C$2:$R$131,9,FALSE),"") -> 18 | O16: =IFERROR(VLOOKUP(G16,Classifica!$C$2:$R$131,16,FALSE),"") -> 7 | P16: =IFERROR(MID(INDEX(Classifica!M:M, MATCH(G16, Classifica!C:C, 0)), 1, 1), "") -> L | Q16: =IFERROR(MID(INDEX(Classifica!M:M, MATCH(G16, Classifica!C:C, 0)), 3, 1), "") -> W | R16: =IFERROR(MID(INDEX(Classifica!M:M, MATCH(G16, Classifica!C:C, 0)), 5, 1), "") -> D | S16: =IFERROR(MID(INDEX(Classifica!M:M, MATCH(G16, Classifica!C:C, 0)), 7, 1), "") -> D | T16: =IFERROR(MID(INDEX(Classifica!M:M, MATCH(G16, Classifica!C:C, 0)), 9, 1), "") -> L | U16: =IFERROR(IF(P16="","",COUNTIF(P16:T16,"W")*20+COUNTIF(P16:T16,"D")*7),"") -> 34 | W16: =COUNTIFS(Partite!AE:AE,1,Partite!Q:Q,Palinsesto!G16)+COUNTIFS(Partite!AE:AE,1,Partite!S:S,Palinsesto!G16) -> 0 | Y16: =INDEX(AD$4:AF$4, MATCH(MAX(AD16:AF16), AD16:AF16, 0)) -> 0-2 | Z16: =IFERROR(INT((LARGE(AD16:AF16,1)/SUM(H16:J16))*100),"") -> 91 | AA16: =COUNTIFS(Partite!AL:AL,1,Partite!Q:Q,Palinsesto!G16)+COUNTIFS(Partite!AL:AL,1,Partite!S:S,Palinsesto!G16) -> 0 | AD16: =COUNTIFS(Partite!T:T,1,Partite!G:G,Palinsesto!G16)+COUNTIFS(Partite!W:W,1,Partite!I:I,Palinsesto!G16) -> 11 | AE16: =COUNTIFS(Partite!U:U,1,Partite!H:H,G16)+COUNTIFS(Partite!X:X,1,Partite!J:J,G16) -> 0 | AF16: =COUNTIFS(Partite!V:V,1,Partite!I:I,G16)+COUNTIFS(Partite!Y:Y,1,Partite!K:K,G16) -> 4
B18: =B15+1 -> 5 | C18: =VLOOKUP($B$2+B18,Partite!$A$1:$Z$2322,2,FALSE) -> Eliteserien | D18: =VLOOKUP($B$2+B18,Partite!$A$1:$Z$2322,3,FALSE) -> 11 | E18: =VALUE(TEXT(AC18, "GG/MM/AAAA")) -> 46225 | F18: =VLOOKUP($B$2+B18,Partite!$A$1:$Z$2322,6,FALSE) -> 19:00 | G18: =VLOOKUP($B$2+B18,Partite!$A$1:$Z$2322,7,FALSE) -> Lillestrøm | H18: =IFERROR(VLOOKUP(G18,Classifica!$C$2:$R$131,3,FALSE),"") -> 8 | I18: =IFERROR(VLOOKUP(G18,Classifica!$C$2:$R$131,4,FALSE),"") -> 1 | J18: =IFERROR(VLOOKUP(G18,Classifica!$C$2:$R$131,5,FALSE),"") -> 4 | K18: =IFERROR(VLOOKUP(G18,Classifica!$C$2:$R$131,6,FALSE),"") -> 21 | L18: =IFERROR(VLOOKUP(G18,Classifica!$C$2:$R$131,7,FALSE),"") -> 12 | M18: =IFERROR(VLOOKUP(G18,Classifica!$C$2:$R$131,8,FALSE),"") -> 9 | N18: =IFERROR(VLOOKUP(G18,Classifica!$C$2:$R$131,9,FALSE),"") -> 25 | O18: =IFERROR(VLOOKUP(G18,Classifica!$C$2:$R$131,16,FALSE),"") -> 4 | P18: =IFERROR(MID(INDEX(Classifica!M:M, MATCH(G18, Classifica!C:C, 0)), 1, 1), "") -> W | Q18: =IFERROR(MID(INDEX(Classifica!M:M, MATCH(G18, Classifica!C:C, 0)), 3, 1), "") -> L | R18: =IFERROR(MID(INDEX(Classifica!M:M, MATCH(G18, Classifica!C:C, 0)), 5, 1), "") -> L | S18: =IFERROR(MID(INDEX(Classifica!M:M, MATCH(G18, Classifica!C:C, 0)), 7, 1), "") -> W | T18: =IFERROR(MID(INDEX(Classifica!M:M, MATCH(G18, Classifica!C:C, 0)), 9, 1), "") -> W | U18: =IFERROR(IF(P18="","",COUNTIF(P18:T18,"W")*20+COUNTIF(P18:T18,"D")*7),"") -> 60 | V18: =IFERROR(ABS(U18-U19),"") -> 20 | W18: =COUNTIFS(Partite!AE:AE,1,Partite!Q:Q,Palinsesto!G18)+COUNTIFS(Partite!AE:AE,1,Partite!S:S,Palinsesto!G18) -> 0 | X18: =IFERROR(AVERAGE(IFERROR(INT(W18/(SUM(H18:J18))*100),""),IFERROR(INT(W19/(SUM(H19:J19))*100),"")),"") -> 0 | Y18: =INDEX(AD$4:AF$4, MATCH(MAX(AD18:AF18), AD18:AF18, 0)) -> 0-2 | Z18: =IFERROR(INT((LARGE(AD18:AF18,1)/SUM(H18:J18))*100),"") -> 69 | AA18: =COUNTIFS(Partite!AL:AL,1,Partite!Q:Q,Palinsesto!G18)+COUNTIFS(Partite!AL:AL,1,Partite!S:S,Palinsesto!G18) -> 0 | AB18: =IFERROR(INT(AVERAGE(AA18/(SUM(H18:J18))*100,(AA19/(SUM(H19:J19))*100))),"") -> 0 | AC18: =VLOOKUP($B$2+B18,Partite!$A$1:$E$2322,5,FALSE) -> 2026-07-22 | AD18: =COUNTIFS(Partite!T:T,1,Partite!G:G,Palinsesto!G18)+COUNTIFS(Partite!W:W,1,Partite!I:I,Palinsesto!G18) -> 9 | AE18: =COUNTIFS(Partite!U:U,1,Partite!H:H,G18)+COUNTIFS(Partite!X:X,1,Partite!J:J,G18) -> 0 | AF18: =COUNTIFS(Partite!V:V,1,Partite!I:I,G18)+COUNTIFS(Partite!Y:Y,1,Partite!K:K,G18) -> 2
G19: =VLOOKUP($B$2+B18,Partite!$A$1:$Z$2322,9,FALSE) -> Viking | H19: =IFERROR(VLOOKUP(G19,Classifica!$C$2:$R$131,3,FALSE),"") -> 10 | I19: =IFERROR(VLOOKUP(G19,Classifica!$C$2:$R$131,4,FALSE),"") -> 0 | J19: =IFERROR(VLOOKUP(G19,Classifica!$C$2:$R$131,5,FALSE),"") -> 2 | K19: =IFERROR(VLOOKUP(G19,Classifica!$C$2:$R$131,6,FALSE),"") -> 31 | L19: =IFERROR(VLOOKUP(G19,Classifica!$C$2:$R$131,7,FALSE),"") -> 12 | M19: =IFERROR(VLOOKUP(G19,Classifica!$C$2:$R$131,8,FALSE),"") -> 19 | N19: =IFERROR(VLOOKUP(G19,Classifica!$C$2:$R$131,9,FALSE),"") -> 30 | O19: =IFERROR(VLOOKUP(G19,Classifica!$C$2:$R$131,16,FALSE),"") -> 2 | P19: =IFERROR(MID(INDEX(Classifica!M:M, MATCH(G19, Classifica!C:C, 0)), 1, 1), "") -> W | Q19: =IFERROR(MID(INDEX(Classifica!M:M, MATCH(G19, Classifica!C:C, 0)), 3, 1), "") -> W | R19: =IFERROR(MID(INDEX(Classifica!M:M, MATCH(G19, Classifica!C:C, 0)), 5, 1), "") -> W | S19: =IFERROR(MID(INDEX(Classifica!M:M, MATCH(G19, Classifica!C:C, 0)), 7, 1), "") -> L | T19: =IFERROR(MID(INDEX(Classifica!M:M, MATCH(G19, Classifica!C:C, 0)), 9, 1), "") -> W | U19: =IFERROR(IF(P19="","",COUNTIF(P19:T19,"W")*20+COUNTIF(P19:T19,"D")*7),"") -> 80 | W19: =COUNTIFS(Partite!AE:AE,1,Partite!Q:Q,Palinsesto!G19)+COUNTIFS(Partite!AE:AE,1,Partite!S:S,Palinsesto!G19) -> 0 | Y19: =INDEX(AD$4:AF$4, MATCH(MAX(AD19:AF19), AD19:AF19, 0)) -> 0-2 | Z19: =IFERROR(INT((LARGE(AD19:AF19,1)/SUM(H19:J19))*100),"") -> 58 | AA19: =COUNTIFS(Partite!AL:AL,1,Partite!Q:Q,Palinsesto!G19)+COUNTIFS(Partite!AL:AL,1,Partite!S:S,Palinsesto!G19) -> 0 | AD19: =COUNTIFS(Partite!T:T,1,Partite!G:G,Palinsesto!G19)+COUNTIFS(Partite!W:W,1,Partite!I:I,Palinsesto!G19) -> 7 | AE19: =COUNTIFS(Partite!U:U,1,Partite!H:H,G19)+COUNTIFS(Partite!X:X,1,Partite!J:J,G19) -> 0 | AF19: =COUNTIFS(Partite!V:V,1,Partite!I:I,G19)+COUNTIFS(Partite!Y:Y,1,Partite!K:K,G19) -> 1
B21: =B18+1 -> 6 | C21: =VLOOKUP($B$2+B21,Partite!$A$1:$Z$2322,2,FALSE) -> K League 1 | D21: =VLOOKUP($B$2+B21,Partite!$A$1:$Z$2322,3,FALSE) -> 19 | E21: =VALUE(TEXT(AC21, "GG/MM/AAAA")) -> 46225 | F21: =VLOOKUP($B$2+B21,Partite!$A$1:$Z$2322,6,FALSE) -> 19:30 (12:30) | G21: =VLOOKUP($B$2+B21,Partite!$A$1:$Z$2322,7,FALSE) -> FC Seoul | H21: =IFERROR(VLOOKUP(G21,Classifica!$C$2:$R$131,3,FALSE),"") -> 11 | I21: =IFERROR(VLOOKUP(G21,Classifica!$C$2:$R$131,4,FALSE),"") -> 3 | J21: =IFERROR(VLOOKUP(G21,Classifica!$C$2:$R$131,5,FALSE),"") -> 3 | K21: =IFERROR(VLOOKUP(G21,Classifica!$C$2:$R$131,6,FALSE),"") -> 28 | L21: =IFERROR(VLOOKUP(G21,Classifica!$C$2:$R$131,7,FALSE),"") -> 12 | M21: =IFERROR(VLOOKUP(G21,Classifica!$C$2:$R$131,8,FALSE),"") -> 16 | N21: =IFERROR(VLOOKUP(G21,Classifica!$C$2:$R$131,9,FALSE),"") -> 36 | O21: =IFERROR(VLOOKUP(G21,Classifica!$C$2:$R$131,16,FALSE),"") -> 1 | P21: =IFERROR(MID(INDEX(Classifica!M:M, MATCH(G21, Classifica!C:C, 0)), 1, 1), "") -> L | Q21: =IFERROR(MID(INDEX(Classifica!M:M, MATCH(G21, Classifica!C:C, 0)), 3, 1), "") -> W | R21: =IFERROR(MID(INDEX(Classifica!M:M, MATCH(G21, Classifica!C:C, 0)), 5, 1), "") -> W | S21: =IFERROR(MID(INDEX(Classifica!M:M, MATCH(G21, Classifica!C:C, 0)), 7, 1), "") -> W | T21: =IFERROR(MID(INDEX(Classifica!M:M, MATCH(G21, Classifica!C:C, 0)), 9, 1), "") -> D | U21: =IFERROR(IF(P21="","",COUNTIF(P21:T21,"W")*20+COUNTIF(P21:T21,"D")*7),"") -> 67 | V21: =IFERROR(ABS(U21-U22),"") -> 7 | W21: =COUNTIFS(Partite!AE:AE,1,Partite!Q:Q,Palinsesto!G21)+COUNTIFS(Partite!AE:AE,1,Partite!S:S,Palinsesto!G21) -> 0 | X21: =IFERROR(AVERAGE(IFERROR(INT(W21/(SUM(H21:J21))*100),""),IFERROR(INT(W22/(SUM(H22:J22))*100),"")),"") -> 0 | Y21: =INDEX(AD$4:AF$4, MATCH(MAX(AD21:AF21), AD21:AF21, 0)) -> 0-2 | Z21: =IFERROR(INT((LARGE(AD21:AF21,1)/SUM(H21:J21))*100),"") -> 82 | AA21: =COUNTIFS(Partite!AL:AL,1,Partite!Q:Q,Palinsesto!G21)+COUNTIFS(Partite!AL:AL,1,Partite!S:S,Palinsesto!G21) -> 0 | AB21: =IFERROR(INT(AVERAGE(AA21/(SUM(H21:J21))*100,(AA22/(SUM(H22:J22))*100))),"") -> 0 | AC21: =VLOOKUP($B$2+B21,Partite!$A$1:$E$2322,5,FALSE) -> 2026-07-22 | AD21: =COUNTIFS(Partite!T:T,1,Partite!G:G,Palinsesto!G21)+COUNTIFS(Partite!W:W,1,Partite!I:I,Palinsesto!G21) -> 14 | AE21: =COUNTIFS(Partite!U:U,1,Partite!H:H,G21)+COUNTIFS(Partite!X:X,1,Partite!J:J,G21) -> 0 | AF21: =COUNTIFS(Partite!V:V,1,Partite!I:I,G21)+COUNTIFS(Partite!Y:Y,1,Partite!K:K,G21) -> 1
G22: =VLOOKUP($B$2+B21,Partite!$A$1:$Z$2322,9,FALSE) -> Pohang Steelers | H22: =IFERROR(VLOOKUP(G22,Classifica!$C$2:$R$131,3,FALSE),"") -> 8 | I22: =IFERROR(VLOOKUP(G22,Classifica!$C$2:$R$131,4,FALSE),"") -> 4 | J22: =IFERROR(VLOOKUP(G22,Classifica!$C$2:$R$131,5,FALSE),"") -> 6 | K22: =IFERROR(VLOOKUP(G22,Classifica!$C$2:$R$131,6,FALSE),"") -> 19 | L22: =IFERROR(VLOOKUP(G22,Classifica!$C$2:$R$131,7,FALSE),"") -> 16 | M22: =IFERROR(VLOOKUP(G22,Classifica!$C$2:$R$131,8,FALSE),"") -> 3 | N22: =IFERROR(VLOOKUP(G22,Classifica!$C$2:$R$131,9,FALSE),"") -> 28 | O22: =IFERROR(VLOOKUP(G22,Classifica!$C$2:$R$131,16,FALSE),"") -> 5 | P22: =IFERROR(MID(INDEX(Classifica!M:M, MATCH(G22, Classifica!C:C, 0)), 1, 1), "") -> W | Q22: =IFERROR(MID(INDEX(Classifica!M:M, MATCH(G22, Classifica!C:C, 0)), 3, 1), "") -> L | R22: =IFERROR(MID(INDEX(Classifica!M:M, MATCH(G22, Classifica!C:C, 0)), 5, 1), "") -> W | S22: =IFERROR(MID(INDEX(Classifica!M:M, MATCH(G22, Classifica!C:C, 0)), 7, 1), "") -> W | T22: =IFERROR(MID(INDEX(Classifica!M:M, MATCH(G22, Classifica!C:C, 0)), 9, 1), "") -> L | U22: =IFERROR(IF(P22="","",COUNTIF(P22:T22,"W")*20+COUNTIF(P22:T22,"D")*7),"") -> 60 | W22: =COUNTIFS(Partite!AE:AE,1,Partite!Q:Q,Palinsesto!G22)+COUNTIFS(Partite!AE:AE,1,Partite!S:S,Palinsesto!G22) -> 0 | Y22: =INDEX(AD$4:AF$4, MATCH(MAX(AD22:AF22), AD22:AF22, 0)) -> 0-2 | Z22: =IFERROR(INT((LARGE(AD22:AF22,1)/SUM(H22:J22))*100),"") -> 88 | AA22: =COUNTIFS(Partite!AL:AL,1,Partite!Q:Q,Palinsesto!G22)+COUNTIFS(Partite!AL:AL,1,Partite!S:S,Palinsesto!G22) -> 0 | AD22: =COUNTIFS(Partite!T:T,1,Partite!G:G,Palinsesto!G22)+COUNTIFS(Partite!W:W,1,Partite!I:I,Palinsesto!G22) -> 16 | AE22: =COUNTIFS(Partite!U:U,1,Partite!H:H,G22)+COUNTIFS(Partite!X:X,1,Partite!J:J,G22) -> 0 | AF22: =COUNTIFS(Partite!V:V,1,Partite!I:I,G22)+COUNTIFS(Partite!Y:Y,1,Partite!K:K,G22) -> 4
B24: =B21+1 -> 7 | C24: =VLOOKUP($B$2+B24,Partite!$A$1:$Z$2322,2,FALSE) -> K League 1 | D24: =VLOOKUP($B$2+B24,Partite!$A$1:$Z$2322,3,FALSE) -> 19 | E24: =VALUE(TEXT(AC24, "GG/MM/AAAA")) -> 46225 | F24: =VLOOKUP($B$2+B24,Partite!$A$1:$Z$2322,6,FALSE) -> 19:30 (12:30) | G24: =VLOOKUP($B$2+B24,Partite!$A$1:$Z$2322,7,FALSE) -> Gwangju FC | H24: =IFERROR(VLOOKUP(G24,Classifica!$C$2:$R$131,3,FALSE),"") -> 1 | I24: =IFERROR(VLOOKUP(G24,Classifica!$C$2:$R$131,4,FALSE),"") -> 5 | J24: =IFERROR(VLOOKUP(G24,Classifica!$C$2:$R$131,5,FALSE),"") -> 11 | K24: =IFERROR(VLOOKUP(G24,Classifica!$C$2:$R$131,6,FALSE),"") -> 8 | L24: =IFERROR(VLOOKUP(G24,Classifica!$C$2:$R$131,7,FALSE),"") -> 41 | M24: =IFERROR(VLOOKUP(G24,Classifica!$C$2:$R$131,8,FALSE),"") -> -33 | N24: =IFERROR(VLOOKUP(G24,Classifica!$C$2:$R$131,9,FALSE),"") -> 8 | O24: =IFERROR(VLOOKUP(G24,Classifica!$C$2:$R$131,16,FALSE),"") -> 12 | P24: =IFERROR(MID(INDEX(Classifica!M:M, MATCH(G24, Classifica!C:C, 0)), 1, 1), "") -> D | Q24: =IFERROR(MID(INDEX(Classifica!M:M, MATCH(G24, Classifica!C:C, 0)), 3, 1), "") -> L | R24: =IFERROR(MID(INDEX(Classifica!M:M, MATCH(G24, Classifica!C:C, 0)), 5, 1), "") -> L | S24: =IFERROR(MID(INDEX(Classifica!M:M, MATCH(G24, Classifica!C:C, 0)), 7, 1), "") -> D | T24: =IFERROR(MID(INDEX(Classifica!M:M, MATCH(G24, Classifica!C:C, 0)), 9, 1), "") -> L | U24: =IFERROR(IF(P24="","",COUNTIF(P24:T24,"W")*20+COUNTIF(P24:T24,"D")*7),"") -> 14 | V24: =IFERROR(ABS(U24-U25),"") -> 7 | W24: =COUNTIFS(Partite!AE:AE,1,Partite!Q:Q,Palinsesto!G24)+COUNTIFS(Partite!AE:AE,1,Partite!S:S,Palinsesto!G24) -> 0 | X24: =IFERROR(AVERAGE(IFERROR(INT(W24/(SUM(H24:J24))*100),""),IFERROR(INT(W25/(SUM(H25:J25))*100),"")),"") -> 0 | Y24: =INDEX(AD$4:AF$4, MATCH(MAX(AD24:AF24), AD24:AF24, 0)) -> 0-2 | Z24: =IFERROR(INT((LARGE(AD24:AF24,1)/SUM(H24:J24))*100),"") -> 94 | AA24: =COUNTIFS(Partite!AL:AL,1,Partite!Q:Q,Palinsesto!G24)+COUNTIFS(Partite!AL:AL,1,Partite!S:S,Palinsesto!G24) -> 0 | AB24: =IFERROR(INT(AVERAGE(AA24/(SUM(H24:J24))*100,(AA25/(SUM(H25:J25))*100))),"") -> 0 | AC24: =VLOOKUP($B$2+B24,Partite!$A$1:$E$2322,5,FALSE) -> 2026-07-22 | AD24: =COUNTIFS(Partite!T:T,1,Partite!G:G,Palinsesto!G24)+COUNTIFS(Partite!W:W,1,Partite!I:I,Palinsesto!G24) -> 16 | AE24: =COUNTIFS(Partite!U:U,1,Partite!H:H,G24)+COUNTIFS(Partite!X:X,1,Partite!J:J,G24) -> 0 | AF24: =COUNTIFS(Partite!V:V,1,Partite!I:I,G24)+COUNTIFS(Partite!Y:Y,1,Partite!K:K,G24) -> 5
G25: =VLOOKUP($B$2+B24,Partite!$A$1:$Z$2322,9,FALSE) -> Sangmu | H25: =IFERROR(VLOOKUP(G25,Classifica!$C$2:$R$131,3,FALSE),"") -> 2 | I25: =IFERROR(VLOOKUP(G25,Classifica!$C$2:$R$131,4,FALSE),"") -> 10 | J25: =IFERROR(VLOOKUP(G25,Classifica!$C$2:$R$131,5,FALSE),"") -> 6 | K25: =IFERROR(VLOOKUP(G25,Classifica!$C$2:$R$131,6,FALSE),"") -> 17 | L25: =IFERROR(VLOOKUP(G25,Classifica!$C$2:$R$131,7,FALSE),"") -> 25 | M25: =IFERROR(VLOOKUP(G25,Classifica!$C$2:$R$131,8,FALSE),"") -> -8 | N25: =IFERROR(VLOOKUP(G25,Classifica!$C$2:$R$131,9,FALSE),"") -> 16 | O25: =IFERROR(VLOOKUP(G25,Classifica!$C$2:$R$131,16,FALSE),"") -> 11 | P25: =IFERROR(MID(INDEX(Classifica!M:M, MATCH(G25, Classifica!C:C, 0)), 1, 1), "") -> D | Q25: =IFERROR(MID(INDEX(Classifica!M:M, MATCH(G25, Classifica!C:C, 0)), 3, 1), "") -> L | R25: =IFERROR(MID(INDEX(Classifica!M:M, MATCH(G25, Classifica!C:C, 0)), 5, 1), "") -> D | S25: =IFERROR(MID(INDEX(Classifica!M:M, MATCH(G25, Classifica!C:C, 0)), 7, 1), "") -> D | T25: =IFERROR(MID(INDEX(Classifica!M:M, MATCH(G25, Classifica!C:C, 0)), 9, 1), "") -> L | U25: =IFERROR(IF(P25="","",COUNTIF(P25:T25,"W")*20+COUNTIF(P25:T25,"D")*7),"") -> 21 | W25: =COUNTIFS(Partite!AE:AE,1,Partite!Q:Q,Palinsesto!G25)+COUNTIFS(Partite!AE:AE,1,Partite!S:S,Palinsesto!G25) -> 0 | Y25: =INDEX(AD$4:AF$4, MATCH(MAX(AD25:AF25), AD25:AF25, 0)) -> 0-2 | Z25: =IFERROR(INT((LARGE(AD25:AF25,1)/SUM(H25:J25))*100),"") -> 94 | AA25: =COUNTIFS(Partite!AL:AL,1,Partite!Q:Q,Palinsesto!G25)+COUNTIFS(Partite!AL:AL,1,Partite!S:S,Palinsesto!G25) -> 0 | AD25: =COUNTIFS(Partite!T:T,1,Partite!G:G,Palinsesto!G25)+COUNTIFS(Partite!W:W,1,Partite!I:I,Palinsesto!G25) -> 17 | AE25: =COUNTIFS(Partite!U:U,1,Partite!H:H,G25)+COUNTIFS(Partite!X:X,1,Partite!J:J,G25) -> 0 | AF25: =COUNTIFS(Partite!V:V,1,Partite!I:I,G25)+COUNTIFS(Partite!Y:Y,1,Partite!K:K,G25) -> 4
B27: =B24+1 -> 8 | C27: =VLOOKUP($B$2+B27,Partite!$A$1:$Z$2322,2,FALSE) -> K League 1 | D27: =VLOOKUP($B$2+B27,Partite!$A$1:$Z$2322,3,FALSE) -> 19 | E27: =VALUE(TEXT(AC27, "GG/MM/AAAA")) -> 46225 | F27: =VLOOKUP($B$2+B27,Partite!$A$1:$Z$2322,6,FALSE) -> 19:30 (12:30) | G27: =VLOOKUP($B$2+B27,Partite!$A$1:$Z$2322,7,FALSE) -> Bucheon FC | H27: =IFERROR(VLOOKUP(G27,Classifica!$C$2:$R$131,3,FALSE),"") -> 4 | I27: =IFERROR(VLOOKUP(G27,Classifica!$C$2:$R$131,4,FALSE),"") -> 7 | J27: =IFERROR(VLOOKUP(G27,Classifica!$C$2:$R$131,5,FALSE),"") -> 6 | K27: =IFERROR(VLOOKUP(G27,Classifica!$C$2:$R$131,6,FALSE),"") -> 14 | L27: =IFERROR(VLOOKUP(G27,Classifica!$C$2:$R$131,7,FALSE),"") -> 18 | M27: =IFERROR(VLOOKUP(G27,Classifica!$C$2:$R$131,8,FALSE),"") -> -4 | N27: =IFERROR(VLOOKUP(G27,Classifica!$C$2:$R$131,9,FALSE),"") -> 19 | O27: =IFERROR(VLOOKUP(G27,Classifica!$C$2:$R$131,16,FALSE),"") -> 10 | P27: =IFERROR(MID(INDEX(Classifica!M:M, MATCH(G27, Classifica!C:C, 0)), 1, 1), "") -> L | Q27: =IFERROR(MID(INDEX(Classifica!M:M, MATCH(G27, Classifica!C:C, 0)), 3, 1), "") -> D | R27: =IFERROR(MID(INDEX(Classifica!M:M, MATCH(G27, Classifica!C:C, 0)), 5, 1), "") -> W | S27: =IFERROR(MID(INDEX(Classifica!M:M, MATCH(G27, Classifica!C:C, 0)), 7, 1), "") -> D | T27: =IFERROR(MID(INDEX(Classifica!M:M, MATCH(G27, Classifica!C:C, 0)), 9, 1), "") -> D | U27: =IFERROR(IF(P27="","",COUNTIF(P27:T27,"W")*20+COUNTIF(P27:T27,"D")*7),"") -> 41 | V27: =IFERROR(ABS(U27-U28),"") -> 13 | W27: =COUNTIFS(Partite!AE:AE,1,Partite!Q:Q,Palinsesto!G27)+COUNTIFS(Partite!AE:AE,1,Partite!S:S,Palinsesto!G27) -> 0 | X27: =IFERROR(AVERAGE(IFERROR(INT(W27/(SUM(H27:J27))*100),""),IFERROR(INT(W28/(SUM(H28:J28))*100),"")),"") -> 0 | Y27: =INDEX(AD$4:AF$4, MATCH(MAX(AD27:AF27), AD27:AF27, 0)) -> 0-2 | Z27: =IFERROR(INT((LARGE(AD27:AF27,1)/SUM(H27:J27))*100),"") -> 94 | AA27: =COUNTIFS(Partite!AL:AL,1,Partite!Q:Q,Palinsesto!G27)+COUNTIFS(Partite!AL:AL,1,Partite!S:S,Palinsesto!G27) -> 0 | AB27: =IFERROR(INT(AVERAGE(AA27/(SUM(H27:J27))*100,(AA28/(SUM(H28:J28))*100))),"") -> 0 | AC27: =VLOOKUP($B$2+B27,Partite!$A$1:$E$2322,5,FALSE) -> 2026-07-22 | AD27: =COUNTIFS(Partite!T:T,1,Partite!G:G,Palinsesto!G27)+COUNTIFS(Partite!W:W,1,Partite!I:I,Palinsesto!G27) -> 16 | AE27: =COUNTIFS(Partite!U:U,1,Partite!H:H,G27)+COUNTIFS(Partite!X:X,1,Partite!J:J,G27) -> 0 | AF27: =COUNTIFS(Partite!V:V,1,Partite!I:I,G27)+COUNTIFS(Partite!Y:Y,1,Partite!K:K,G27) -> 3
G28: =VLOOKUP($B$2+B27,Partite!$A$1:$Z$2322,9,FALSE) -> FC Anyang | H28: =IFERROR(VLOOKUP(G28,Classifica!$C$2:$R$131,3,FALSE),"") -> 5 | I28: =IFERROR(VLOOKUP(G28,Classifica!$C$2:$R$131,4,FALSE),"") -> 8 | J28: =IFERROR(VLOOKUP(G28,Classifica!$C$2:$R$131,5,FALSE),"") -> 4 | K28: =IFERROR(VLOOKUP(G28,Classifica!$C$2:$R$131,6,FALSE),"") -> 22 | L28: =IFERROR(VLOOKUP(G28,Classifica!$C$2:$R$131,7,FALSE),"") -> 19 | M28: =IFERROR(VLOOKUP(G28,Classifica!$C$2:$R$131,8,FALSE),"") -> 3 | N28: =IFERROR(VLOOKUP(G28,Classifica!$C$2:$R$131,9,FALSE),"") -> 23 | O28: =IFERROR(VLOOKUP(G28,Classifica!$C$2:$R$131,16,FALSE),"") -> 7 | P28: =IFERROR(MID(INDEX(Classifica!M:M, MATCH(G28, Classifica!C:C, 0)), 1, 1), "") -> D | Q28: =IFERROR(MID(INDEX(Classifica!M:M, MATCH(G28, Classifica!C:C, 0)), 3, 1), "") -> D | R28: =IFERROR(MID(INDEX(Classifica!M:M, MATCH(G28, Classifica!C:C, 0)), 5, 1), "") -> W | S28: =IFERROR(MID(INDEX(Classifica!M:M, MATCH(G28, Classifica!C:C, 0)), 7, 1), "") -> L | T28: =IFERROR(MID(INDEX(Classifica!M:M, MATCH(G28, Classifica!C:C, 0)), 9, 1), "") -> W | U28: =IFERROR(IF(P28="","",COUNTIF(P28:T28,"W")*20+COUNTIF(P28:T28,"D")*7),"") -> 54 | W28: =COUNTIFS(Partite!AE:AE,1,Partite!Q:Q,Palinsesto!G28)+COUNTIFS(Partite!AE:AE,1,Partite!S:S,Palinsesto!G28) -> 0 | Y28: =INDEX(AD$4:AF$4, MATCH(MAX(AD28:AF28), AD28:AF28, 0)) -> 0-2 | Z28: =IFERROR(INT((LARGE(AD28:AF28,1)/SUM(H28:J28))*100),"") -> 94 | AA28: =COUNTIFS(Partite!AL:AL,1,Partite!Q:Q,Palinsesto!G28)+COUNTIFS(Partite!AL:AL,1,Partite!S:S,Palinsesto!G28) -> 0 | AD28: =COUNTIFS(Partite!T:T,1,Partite!G:G,Palinsesto!G28)+COUNTIFS(Partite!W:W,1,Partite!I:I,Palinsesto!G28) -> 16 | AE28: =COUNTIFS(Partite!U:U,1,Partite!H:H,G28)+COUNTIFS(Partite!X:X,1,Partite!J:J,G28) -> 0 | AF28: =COUNTIFS(Partite!V:V,1,Partite!I:I,G28)+COUNTIFS(Partite!Y:Y,1,Partite!K:K,G28) -> 2
B30: =B27+1 -> 9 | C30: =VLOOKUP($B$2+B30,Partite!$A$1:$Z$2322,2,FALSE) -> Europa League | D30: =VLOOKUP($B$2+B30,Partite!$A$1:$Z$2322,3,FALSE) -> 0 | E30: =VALUE(TEXT(AC30, "GG/MM/AAAA")) -> 46226 | F30: =VLOOKUP($B$2+B30,Partite!$A$1:$Z$2322,6,FALSE) -> 19:00 | G30: =VLOOKUP($B$2+B30,Partite!$A$1:$Z$2322,7,FALSE) -> Tromsø no | H30: =IFERROR(VLOOKUP(G30,Classifica!$C$2:$R$131,3,FALSE),"") | I30: =IFERROR(VLOOKUP(G30,Classifica!$C$2:$R$131,4,FALSE),"") | J30: =IFERROR(VLOOKUP(G30,Classifica!$C$2:$R$131,5,FALSE),"") | K30: =IFERROR(VLOOKUP(G30,Classifica!$C$2:$R$131,6,FALSE),"") | L30: =IFERROR(VLOOKUP(G30,Classifica!$C$2:$R$131,7,FALSE),"") | M30: =IFERROR(VLOOKUP(G30,Classifica!$C$2:$R$131,8,FALSE),"") | N30: =IFERROR(VLOOKUP(G30,Classifica!$C$2:$R$131,9,FALSE),"") | O30: =IFERROR(VLOOKUP(G30,Classifica!$C$2:$R$131,16,FALSE),"") | P30: =IFERROR(MID(INDEX(Classifica!M:M, MATCH(G30, Classifica!C:C, 0)), 1, 1), "") | Q30: =IFERROR(MID(INDEX(Classifica!M:M, MATCH(G30, Classifica!C:C, 0)), 3, 1), "") | R30: =IFERROR(MID(INDEX(Classifica!M:M, MATCH(G30, Classifica!C:C, 0)), 5, 1), "") | S30: =IFERROR(MID(INDEX(Classifica!M:M, MATCH(G30, Classifica!C:C, 0)), 7, 1), "") | T30: =IFERROR(MID(INDEX(Classifica!M:M, MATCH(G30, Classifica!C:C, 0)), 9, 1), "") | U30: =IFERROR(IF(P30="","",COUNTIF(P30:T30,"W")*20+COUNTIF(P30:T30,"D")*7),"") | V30: =IFERROR(ABS(U30-U31),"") | W30: =COUNTIFS(Partite!AE:AE,1,Partite!Q:Q,Palinsesto!G30)+COUNTIFS(Partite!AE:AE,1,Partite!S:S,Palinsesto!G30) -> 0 | X30: =IFERROR(AVERAGE(IFERROR(INT(W30/(SUM(H30:J30))*100),""),IFERROR(INT(W31/(SUM(H31:J31))*100),"")),"") | Y30: =INDEX(AD$4:AF$4, MATCH(MAX(AD30:AF30), AD30:AF30, 0)) -> 0-2 | Z30: =IFERROR(INT((LARGE(AD30:AF30,1)/SUM(H30:J30))*100),"") | AA30: =COUNTIFS(Partite!AL:AL,1,Partite!Q:Q,Palinsesto!G30)+COUNTIFS(Partite!AL:AL,1,Partite!S:S,Palinsesto!G30) -> 0 | AB30: =IFERROR(INT(AVERAGE(AA30/(SUM(H30:J30))*100,(AA31/(SUM(H31:J31))*100))),"") | AC30: =VLOOKUP($B$2+B30,Partite!$A$1:$E$2322,5,FALSE) -> 2026-07-23 | AD30: =COUNTIFS(Partite!T:T,1,Partite!G:G,Palinsesto!G30)+COUNTIFS(Partite!W:W,1,Partite!I:I,Palinsesto!G30) -> 0 | AE30: =COUNTIFS(Partite!U:U,1,Partite!H:H,G30)+COUNTIFS(Partite!X:X,1,Partite!J:J,G30) -> 0 | AF30: =COUNTIFS(Partite!V:V,1,Partite!I:I,G30)+COUNTIFS(Partite!Y:Y,1,Partite!K:K,G30) -> 0
G31: =VLOOKUP($B$2+B30,Partite!$A$1:$Z$2322,9,FALSE) -> cz Hradec Králové | H31: =IFERROR(VLOOKUP(G31,Classifica!$C$2:$R$131,3,FALSE),"") | I31: =IFERROR(VLOOKUP(G31,Classifica!$C$2:$R$131,4,FALSE),"") | J31: =IFERROR(VLOOKUP(G31,Classifica!$C$2:$R$131,5,FALSE),"") | K31: =IFERROR(VLOOKUP(G31,Classifica!$C$2:$R$131,6,FALSE),"") | L31: =IFERROR(VLOOKUP(G31,Classifica!$C$2:$R$131,7,FALSE),"") | M31: =IFERROR(VLOOKUP(G31,Classifica!$C$2:$R$131,8,FALSE),"") | N31: =IFERROR(VLOOKUP(G31,Classifica!$C$2:$R$131,9,FALSE),"") | O31: =IFERROR(VLOOKUP(G31,Classifica!$C$2:$R$131,16,FALSE),"") | P31: =IFERROR(MID(INDEX(Classifica!M:M, MATCH(G31, Classifica!C:C, 0)), 1, 1), "") | Q31: =IFERROR(MID(INDEX(Classifica!M:M, MATCH(G31, Classifica!C:C, 0)), 3, 1), "") | R31: =IFERROR(MID(INDEX(Classifica!M:M, MATCH(G31, Classifica!C:C, 0)), 5, 1), "") | S31: =IFERROR(MID(INDEX(Classifica!M:M, MATCH(G31, Classifica!C:C, 0)), 7, 1), "") | T31: =IFERROR(MID(INDEX(Classifica!M:M, MATCH(G31, Classifica!C:C, 0)), 9, 1), "") | U31: =IFERROR(IF(P31="","",COUNTIF(P31:T31,"W")*20+COUNTIF(P31:T31,"D")*7),"") | W31: =COUNTIFS(Partite!AE:AE,1,Partite!Q:Q,Palinsesto!G31)+COUNTIFS(Partite!AE:AE,1,Partite!S:S,Palinsesto!G31) -> 0 | Y31: =INDEX(AD$4:AF$4, MATCH(MAX(AD31:AF31), AD31:AF31, 0)) -> 0-2 | Z31: =IFERROR(INT((LARGE(AD31:AF31,1)/SUM(H31:J31))*100),"") | AA31: =COUNTIFS(Partite!AL:AL,1,Partite!Q:Q,Palinsesto!G31)+COUNTIFS(Partite!AL:AL,1,Partite!S:S,Palinsesto!G31) -> 0 | AD31: =COUNTIFS(Partite!T:T,1,Partite!G:G,Palinsesto!G31)+COUNTIFS(Partite!W:W,1,Partite!I:I,Palinsesto!G31) -> 0 | AE31: =COUNTIFS(Partite!U:U,1,Partite!H:H,G31)+COUNTIFS(Partite!X:X,1,Partite!J:J,G31) -> 0 | AF31: =COUNTIFS(Partite!V:V,1,Partite!I:I,G31)+COUNTIFS(Partite!Y:Y,1,Partite!K:K,G31) -> 0
B33: =B30+1 -> 10 | C33: =VLOOKUP($B$2+B33,Partite!$A$1:$Z$2322,2,FALSE) -> Europa League | D33: =VLOOKUP($B$2+B33,Partite!$A$1:$Z$2322,3,FALSE) -> 0 | E33: =VALUE(TEXT(AC33, "GG/MM/AAAA")) -> 46226 | F33: =VLOOKUP($B$2+B33,Partite!$A$1:$Z$2322,6,FALSE) -> 19:00 | G33: =VLOOKUP($B$2+B33,Partite!$A$1:$Z$2322,7,FALSE) -> Dynamo Kyiv ua | H33: =IFERROR(VLOOKUP(G33,Classifica!$C$2:$R$131,3,FALSE),"") | I33: =IFERROR(VLOOKUP(G33,Classifica!$C$2:$R$131,4,FALSE),"") | J33: =IFERROR(VLOOKUP(G33,Classifica!$C$2:$R$131,5,FALSE),"") | K33: =IFERROR(VLOOKUP(G33,Classifica!$C$2:$R$131,6,FALSE),"") | L33: =IFERROR(VLOOKUP(G33,Classifica!$C$2:$R$131,7,FALSE),"") | M33: =IFERROR(VLOOKUP(G33,Classifica!$C$2:$R$131,8,FALSE),"") | N33: =IFERROR(VLOOKUP(G33,Classifica!$C$2:$R$131,9,FALSE),"") | O33: =IFERROR(VLOOKUP(G33,Classifica!$C$2:$R$131,16,FALSE),"") | P33: =IFERROR(MID(INDEX(Classifica!M:M, MATCH(G33, Classifica!C:C, 0)), 1, 1), "") | Q33: =IFERROR(MID(INDEX(Classifica!M:M, MATCH(G33, Classifica!C:C, 0)), 3, 1), "") | R33: =IFERROR(MID(INDEX(Classifica!M:M, MATCH(G33, Classifica!C:C, 0)), 5, 1), "") | S33: =IFERROR(MID(INDEX(Classifica!M:M, MATCH(G33, Classifica!C:C, 0)), 7, 1), "") | T33: =IFERROR(MID(INDEX(Classifica!M:M, MATCH(G33, Classifica!C:C, 0)), 9, 1), "") | U33: =IFERROR(IF(P33="","",COUNTIF(P33:T33,"W")*20+COUNTIF(P33:T33,"D")*7),"") | V33: =IFERROR(ABS(U33-U34),"") | W33: =COUNTIFS(Partite!AE:AE,1,Partite!Q:Q,Palinsesto!G33)+COUNTIFS(Partite!AE:AE,1,Partite!S:S,Palinsesto!G33) -> 0 | X33: =IFERROR(AVERAGE(IFERROR(INT(W33/(SUM(H33:J33))*100),""),IFERROR(INT(W34/(SUM(H34:J34))*100),"")),"") | Y33: =INDEX(AD$4:AF$4, MATCH(MAX(AD33:AF33), AD33:AF33, 0)) -> 0-2 | Z33: =IFERROR(INT((LARGE(AD33:AF33,1)/SUM(H33:J33))*100),"") | AA33: =COUNTIFS(Partite!AL:AL,1,Partite!Q:Q,Palinsesto!G33)+COUNTIFS(Partite!AL:AL,1,Partite!S:S,Palinsesto!G33) -> 0 | AB33: =IFERROR(INT(AVERAGE(AA33/(SUM(H33:J33))*100,(AA34/(SUM(H34:J34))*100))),"") | AC33: =VLOOKUP($B$2+B33,Partite!$A$1:$E$2322,5,FALSE) -> 2026-07-23 | AD33: =COUNTIFS(Partite!T:T,1,Partite!G:G,Palinsesto!G33)+COUNTIFS(Partite!W:W,1,Partite!I:I,Palinsesto!G33) -> 1 | AE33: =COUNTIFS(Partite!U:U,1,Partite!H:H,G33)+COUNTIFS(Partite!X:X,1,Partite!J:J,G33) -> 0 | AF33: =COUNTIFS(Partite!V:V,1,Partite!I:I,G33)+COUNTIFS(Partite!Y:Y,1,Partite!K:K,G33) -> 0
G34: =VLOOKUP($B$2+B33,Partite!$A$1:$Z$2322,9,FALSE) -> gr PAOK | H34: =IFERROR(VLOOKUP(G34,Classifica!$C$2:$R$131,3,FALSE),"") | I34: =IFERROR(VLOOKUP(G34,Classifica!$C$2:$R$131,4,FALSE),"") | J34: =IFERROR(VLOOKUP(G34,Classifica!$C$2:$R$131,5,FALSE),"") | K34: =IFERROR(VLOOKUP(G34,Classifica!$C$2:$R$131,6,FALSE),"") | L34: =IFERROR(VLOOKUP(G34,Classifica!$C$2:$R$131,7,FALSE),"") | M34: =IFERROR(VLOOKUP(G34,Classifica!$C$2:$R$131,8,FALSE),"") | N34: =IFERROR(VLOOKUP(G34,Classifica!$C$2:$R$131,9,FALSE),"") | O34: =IFERROR(VLOOKUP(G34,Classifica!$C$2:$R$131,16,FALSE),"") | P34: =IFERROR(MID(INDEX(Classifica!M:M, MATCH(G34, Classifica!C:C, 0)), 1, 1), "") | Q34: =IFERROR(MID(INDEX(Classifica!M:M, MATCH(G34, Classifica!C:C, 0)), 3, 1), "") | R34: =IFERROR(MID(INDEX(Classifica!M:M, MATCH(G34, Classifica!C:C, 0)), 5, 1), "") | S34: =IFERROR(MID(INDEX(Classifica!M:M, MATCH(G34, Classifica!C:C, 0)), 7, 1), "") | T34: =IFERROR(MID(INDEX(Classifica!M:M, MATCH(G34, Classifica!C:C, 0)), 9, 1), "") | U34: =IFERROR(IF(P34="","",COUNTIF(P34:T34,"W")*20+COUNTIF(P34:T34,"D")*7),"") | W34: =COUNTIFS(Partite!AE:AE,1,Partite!Q:Q,Palinsesto!G34)+COUNTIFS(Partite!AE:AE,1,Partite!S:S,Palinsesto!G34) -> 0 | Y34: =INDEX(AD$4:AF$4, MATCH(MAX(AD34:AF34), AD34:AF34, 0)) -> 0-2 | Z34: =IFERROR(INT((LARGE(AD34:AF34,1)/SUM(H34:J34))*100),"") | AA34: =COUNTIFS(Partite!AL:AL,1,Partite!Q:Q,Palinsesto!G34)+COUNTIFS(Partite!AL:AL,1,Partite!S:S,Palinsesto!G34) -> 0 | AD34: =COUNTIFS(Partite!T:T,1,Partite!G:G,Palinsesto!G34)+COUNTIFS(Partite!W:W,1,Partite!I:I,Palinsesto!G34) -> 0 | AE34: =COUNTIFS(Partite!U:U,1,Partite!H:H,G34)+COUNTIFS(Partite!X:X,1,Partite!J:J,G34) -> 0 | AF34: =COUNTIFS(Partite!V:V,1,Partite!I:I,G34)+COUNTIFS(Partite!Y:Y,1,Partite!K:K,G34) -> 0
B36: =B33+1 -> 11 | C36: =VLOOKUP($B$2+B36,Partite!$A$1:$Z$2322,2,FALSE) -> Europa League | D36: =VLOOKUP($B$2+B36,Partite!$A$1:$Z$2322,3,FALSE) -> 0 | E36: =VALUE(TEXT(AC36, "GG/MM/AAAA")) -> 46226 | F36: =VLOOKUP($B$2+B36,Partite!$A$1:$Z$2322,6,FALSE) -> 19:00 | G36: =VLOOKUP($B$2+B36,Partite!$A$1:$Z$2322,7,FALSE) -> Hammarby se | H36: =IFERROR(VLOOKUP(G36,Classifica!$C$2:$R$131,3,FALSE),"") | I36: =IFERROR(VLOOKUP(G36,Classifica!$C$2:$R$131,4,FALSE),"") | J36: =IFERROR(VLOOKUP(G36,Classifica!$C$2:$R$131,5,FALSE),"") | K36: =IFERROR(VLOOKUP(G36,Classifica!$C$2:$R$131,6,FALSE),"") | L36: =IFERROR(VLOOKUP(G36,Classifica!$C$2:$R$131,7,FALSE),"") | M36: =IFERROR(VLOOKUP(G36,Classifica!$C$2:$R$131,8,FALSE),"") | N36: =IFERROR(VLOOKUP(G36,Classifica!$C$2:$R$131,9,FALSE),"") | O36: =IFERROR(VLOOKUP(G36,Classifica!$C$2:$R$131,16,FALSE),"") | P36: =IFERROR(MID(INDEX(Classifica!M:M, MATCH(G36, Classifica!C:C, 0)), 1, 1), "") | Q36: =IFERROR(MID(INDEX(Classifica!M:M, MATCH(G36, Classifica!C:C, 0)), 3, 1), "") | R36: =IFERROR(MID(INDEX(Classifica!M:M, MATCH(G36, Classifica!C:C, 0)), 5, 1), "") | S36: =IFERROR(MID(INDEX(Classifica!M:M, MATCH(G36, Classifica!C:C, 0)), 7, 1), "") | T36: =IFERROR(MID(INDEX(Classifica!M:M, MATCH(G36, Classifica!C:C, 0)), 9, 1), "") | U36: =IFERROR(IF(P36="","",COUNTIF(P36:T36,"W")*20+COUNTIF(P36:T36,"D")*7),"") | V36: =IFERROR(ABS(U36-U37),"") | W36: =COUNTIFS(Partite!AE:AE,1,Partite!Q:Q,Palinsesto!G36)+COUNTIFS(Partite!AE:AE,1,Partite!S:S,Palinsesto!G36) -> 0 | X36: =IFERROR(AVERAGE(IFERROR(INT(W36/(SUM(H36:J36))*100),""),IFERROR(INT(W37/(SUM(H37:J37))*100),"")),"") | Y36: =INDEX(AD$4:AF$4, MATCH(MAX(AD36:AF36), AD36:AF36, 0)) -> 0-2 | Z36: =IFERROR(INT((LARGE(AD36:AF36,1)/SUM(H36:J36))*100),"") | AA36: =COUNTIFS(Partite!AL:AL,1,Partite!Q:Q,Palinsesto!G36)+COUNTIFS(Partite!AL:AL,1,Partite!S:S,Palinsesto!G36) -> 0 | AB36: =IFERROR(INT(AVERAGE(AA36/(SUM(H36:J36))*100,(AA37/(SUM(H37:J37))*100))),"") | AC36: =VLOOKUP($B$2+B36,Partite!$A$1:$E$2322,5,FALSE) -> 2026-07-23 | AD36: =COUNTIFS(Partite!T:T,1,Partite!G:G,Palinsesto!G36)+COUNTIFS(Partite!W:W,1,Partite!I:I,Palinsesto!G36) -> 0 | AE36: =COUNTIFS(Partite!U:U,1,Partite!H:H,G36)+COUNTIFS(Partite!X:X,1,Partite!J:J,G36) -> 0 | AF36: =COUNTIFS(Partite!V:V,1,Partite!I:I,G36)+COUNTIFS(Partite!Y:Y,1,Partite!K:K,G36) -> 0
G37: =VLOOKUP($B$2+B36,Partite!$A$1:$Z$2322,9,FALSE) -> be Anderlecht | H37: =IFERROR(VLOOKUP(G37,Classifica!$C$2:$R$131,3,FALSE),"") | I37: =IFERROR(VLOOKUP(G37,Classifica!$C$2:$R$131,4,FALSE),"") | J37: =IFERROR(VLOOKUP(G37,Classifica!$C$2:$R$131,5,FALSE),"") | K37: =IFERROR(VLOOKUP(G37,Classifica!$C$2:$R$131,6,FALSE),"") | L37: =IFERROR(VLOOKUP(G37,Classifica!$C$2:$R$131,7,FALSE),"") | M37: =IFERROR(VLOOKUP(G37,Classifica!$C$2:$R$131,8,FALSE),"") | N37: =IFERROR(VLOOKUP(G37,Classifica!$C$2:$R$131,9,FALSE),"") | O37: =IFERROR(VLOOKUP(G37,Classifica!$C$2:$R$131,16,FALSE),"") | P37: =IFERROR(MID(INDEX(Classifica!M:M, MATCH(G37, Classifica!C:C, 0)), 1, 1), "") | Q37: =IFERROR(MID(INDEX(Classifica!M:M, MATCH(G37, Classifica!C:C, 0)), 3, 1), "") | R37: =IFERROR(MID(INDEX(Classifica!M:M, MATCH(G37, Classifica!C:C, 0)), 5, 1), "") | S37: =IFERROR(MID(INDEX(Classifica!M:M, MATCH(G37, Classifica!C:C, 0)), 7, 1), "") | T37: =IFERROR(MID(INDEX(Classifica!M:M, MATCH(G37, Classifica!C:C, 0)), 9, 1), "") | U37: =IFERROR(IF(P37="","",COUNTIF(P37:T37,"W")*20+COUNTIF(P37:T37,"D")*7),"") | W37: =COUNTIFS(Partite!AE:AE,1,Partite!Q:Q,Palinsesto!G37)+COUNTIFS(Partite!AE:AE,1,Partite!S:S,Palinsesto!G37) -> 0 | Y37: =INDEX(AD$4:AF$4, MATCH(MAX(AD37:AF37), AD37:AF37, 0)) -> 0-2 | Z37: =IFERROR(INT((LARGE(AD37:AF37,1)/SUM(H37:J37))*100),"") | AA37: =COUNTIFS(Partite!AL:AL,1,Partite!Q:Q,Palinsesto!G37)+COUNTIFS(Partite!AL:AL,1,Partite!S:S,Palinsesto!G37) -> 0 | AD37: =COUNTIFS(Partite!T:T,1,Partite!G:G,Palinsesto!G37)+COUNTIFS(Partite!W:W,1,Partite!I:I,Palinsesto!G37) -> 0 | AE37: =COUNTIFS(Partite!U:U,1,Partite!H:H,G37)+COUNTIFS(Partite!X:X,1,Partite!J:J,G37) -> 0 | AF37: =COUNTIFS(Partite!V:V,1,Partite!I:I,G37)+COUNTIFS(Partite!Y:Y,1,Partite!K:K,G37) -> 0
B39: =B36+1 -> 12 | C39: =VLOOKUP($B$2+B39,Partite!$A$1:$Z$2322,2,FALSE) -> Europa League | D39: =VLOOKUP($B$2+B39,Partite!$A$1:$Z$2322,3,FALSE) -> 0 | E39: =VALUE(TEXT(AC39, "GG/MM/AAAA")) -> 46226 | F39: =VLOOKUP($B$2+B39,Partite!$A$1:$Z$2322,6,FALSE) -> 20:00 (18:00) | G39: =VLOOKUP($B$2+B39,Partite!$A$1:$Z$2322,7,FALSE) -> Qarabağ az | H39: =IFERROR(VLOOKUP(G39,Classifica!$C$2:$R$131,3,FALSE),"") | I39: =IFERROR(VLOOKUP(G39,Classifica!$C$2:$R$131,4,FALSE),"") | J39: =IFERROR(VLOOKUP(G39,Classifica!$C$2:$R$131,5,FALSE),"") | K39: =IFERROR(VLOOKUP(G39,Classifica!$C$2:$R$131,6,FALSE),"") | L39: =IFERROR(VLOOKUP(G39,Classifica!$C$2:$R$131,7,FALSE),"") | M39: =IFERROR(VLOOKUP(G39,Classifica!$C$2:$R$131,8,FALSE),"") | N39: =IFERROR(VLOOKUP(G39,Classifica!$C$2:$R$131,9,FALSE),"") | O39: =IFERROR(VLOOKUP(G39,Classifica!$C$2:$R$131,16,FALSE),"") | P39: =IFERROR(MID(INDEX(Classifica!M:M, MATCH(G39, Classifica!C:C, 0)), 1, 1), "") | Q39: =IFERROR(MID(INDEX(Classifica!M:M, MATCH(G39, Classifica!C:C, 0)), 3, 1), "") | R39: =IFERROR(MID(INDEX(Classifica!M:M, MATCH(G39, Classifica!C:C, 0)), 5, 1), "") | S39: =IFERROR(MID(INDEX(Classifica!M:M, MATCH(G39, Classifica!C:C, 0)), 7, 1), "") | T39: =IFERROR(MID(INDEX(Classifica!M:M, MATCH(G39, Classifica!C:C, 0)), 9, 1), "") | U39: =IFERROR(IF(P39="","",COUNTIF(P39:T39,"W")*20+COUNTIF(P39:T39,"D")*7),"") | V39: =IFERROR(ABS(U39-U40),"") | W39: =COUNTIFS(Partite!AE:AE,1,Partite!Q:Q,Palinsesto!G39)+COUNTIFS(Partite!AE:AE,1,Partite!S:S,Palinsesto!G39) -> 0 | X39: =IFERROR(AVERAGE(IFERROR(INT(W39/(SUM(H39:J39))*100),""),IFERROR(INT(W40/(SUM(H40:J40))*100),"")),"") | Y39: =INDEX(AD$4:AF$4, MATCH(MAX(AD39:AF39), AD39:AF39, 0)) -> 0-2 | Z39: =IFERROR(INT((LARGE(AD39:AF39,1)/SUM(H39:J39))*100),"") | AA39: =COUNTIFS(Partite!AL:AL,1,Partite!Q:Q,Palinsesto!G39)+COUNTIFS(Partite!AL:AL,1,Partite!S:S,Palinsesto!G39) -> 0 | AB39: =IFERROR(INT(AVERAGE(AA39/(SUM(H39:J39))*100,(AA40/(SUM(H40:J40))*100))),"") | AC39: =VLOOKUP($B$2+B39,Partite!$A$1:$E$2322,5,FALSE) -> 2026-07-23 | AD39: =COUNTIFS(Partite!T:T,1,Partite!G:G,Palinsesto!G39)+COUNTIFS(Partite!W:W,1,Partite!I:I,Palinsesto!G39) -> 0 | AE39: =COUNTIFS(Partite!U:U,1,Partite!H:H,G39)+COUNTIFS(Partite!X:X,1,Partite!J:J,G39) -> 0 | AF39: =COUNTIFS(Partite!V:V,1,Partite!I:I,G39)+COUNTIFS(Partite!Y:Y,1,Partite!K:K,G39) -> 0
G40: =VLOOKUP($B$2+B39,Partite!$A$1:$Z$2322,9,FALSE) -> bg CSKA Sofia | H40: =IFERROR(VLOOKUP(G40,Classifica!$C$2:$R$131,3,FALSE),"") | I40: =IFERROR(VLOOKUP(G40,Classifica!$C$2:$R$131,4,FALSE),"") | J40: =IFERROR(VLOOKUP(G40,Classifica!$C$2:$R$131,5,FALSE),"") | K40: =IFERROR(VLOOKUP(G40,Classifica!$C$2:$R$131,6,FALSE),"") | L40: =IFERROR(VLOOKUP(G40,Classifica!$C$2:$R$131,7,FALSE),"") | M40: =IFERROR(VLOOKUP(G40,Classifica!$C$2:$R$131,8,FALSE),"") | N40: =IFERROR(VLOOKUP(G40,Classifica!$C$2:$R$131,9,FALSE),"") | O40: =IFERROR(VLOOKUP(G40,Classifica!$C$2:$R$131,16,FALSE),"") | P40: =IFERROR(MID(INDEX(Classifica!M:M, MATCH(G40, Classifica!C:C, 0)), 1, 1), "") | Q40: =IFERROR(MID(INDEX(Classifica!M:M, MATCH(G40, Classifica!C:C, 0)), 3, 1), "") | R40: =IFERROR(MID(INDEX(Classifica!M:M, MATCH(G40, Classifica!C:C, 0)), 5, 1), "") | S40: =IFERROR(MID(INDEX(Classifica!M:M, MATCH(G40, Classifica!C:C, 0)), 7, 1), "") | T40: =IFERROR(MID(INDEX(Classifica!M:M, MATCH(G40, Classifica!C:C, 0)), 9, 1), "") | U40: =IFERROR(IF(P40="","",COUNTIF(P40:T40,"W")*20+COUNTIF(P40:T40,"D")*7),"") | W40: =COUNTIFS(Partite!AE:AE,1,Partite!Q:Q,Palinsesto!G40)+COUNTIFS(Partite!AE:AE,1,Partite!S:S,Palinsesto!G40) -> 0 | Y40: =INDEX(AD$4:AF$4, MATCH(MAX(AD40:AF40), AD40:AF40, 0)) -> 0-2 | Z40: =IFERROR(INT((LARGE(AD40:AF40,1)/SUM(H40:J40))*100),"") | AA40: =COUNTIFS(Partite!AL:AL,1,Partite!Q:Q,Palinsesto!G40)+COUNTIFS(Partite!AL:AL,1,Partite!S:S,Palinsesto!G40) -> 0 | AD40: =COUNTIFS(Partite!T:T,1,Partite!G:G,Palinsesto!G40)+COUNTIFS(Partite!W:W,1,Partite!I:I,Palinsesto!G40) -> 1 | AE40: =COUNTIFS(Partite!U:U,1,Partite!H:H,G40)+COUNTIFS(Partite!X:X,1,Partite!J:J,G40) -> 0 | AF40: =COUNTIFS(Partite!V:V,1,Partite!I:I,G40)+COUNTIFS(Partite!Y:Y,1,Partite!K:K,G40) -> 0
B42: =B39+1 -> 13 | C42: =VLOOKUP($B$2+B42,Partite!$A$1:$Z$2322,2,FALSE) -> Europa League | D42: =VLOOKUP($B$2+B42,Partite!$A$1:$Z$2322,3,FALSE) -> 0 | E42: =VALUE(TEXT(AC42, "GG/MM/AAAA")) -> 46226 | F42: =VLOOKUP($B$2+B42,Partite!$A$1:$Z$2322,6,FALSE) -> 20:00 | G42: =VLOOKUP($B$2+B42,Partite!$A$1:$Z$2322,7,FALSE) -> St. Gallen ch | H42: =IFERROR(VLOOKUP(G42,Classifica!$C$2:$R$131,3,FALSE),"") | I42: =IFERROR(VLOOKUP(G42,Classifica!$C$2:$R$131,4,FALSE),"") | J42: =IFERROR(VLOOKUP(G42,Classifica!$C$2:$R$131,5,FALSE),"") | K42: =IFERROR(VLOOKUP(G42,Classifica!$C$2:$R$131,6,FALSE),"") | L42: =IFERROR(VLOOKUP(G42,Classifica!$C$2:$R$131,7,FALSE),"") | M42: =IFERROR(VLOOKUP(G42,Classifica!$C$2:$R$131,8,FALSE),"") | N42: =IFERROR(VLOOKUP(G42,Classifica!$C$2:$R$131,9,FALSE),"") | O42: =IFERROR(VLOOKUP(G42,Classifica!$C$2:$R$131,16,FALSE),"") | P42: =IFERROR(MID(INDEX(Classifica!M:M, MATCH(G42, Classifica!C:C, 0)), 1, 1), "") | Q42: =IFERROR(MID(INDEX(Classifica!M:M, MATCH(G42, Classifica!C:C, 0)), 3, 1), "") | R42: =IFERROR(MID(INDEX(Classifica!M:M, MATCH(G42, Classifica!C:C, 0)), 5, 1), "") | S42: =IFERROR(MID(INDEX(Classifica!M:M, MATCH(G42, Classifica!C:C, 0)), 7, 1), "") | T42: =IFERROR(MID(INDEX(Classifica!M:M, MATCH(G42, Classifica!C:C, 0)), 9, 1), "") | U42: =IFERROR(IF(P42="","",COUNTIF(P42:T42,"W")*20+COUNTIF(P42:T42,"D")*7),"") | V42: =IFERROR(ABS(U42-U43),"") | W42: =COUNTIFS(Partite!AE:AE,1,Partite!Q:Q,Palinsesto!G42)+COUNTIFS(Partite!AE:AE,1,Partite!S:S,Palinsesto!G42) -> 0 | X42: =IFERROR(AVERAGE(IFERROR(INT(W42/(SUM(H42:J42))*100),""),IFERROR(INT(W43/(SUM(H43:J43))*100),"")),"") | Y42: =INDEX(AD$4:AF$4, MATCH(MAX(AD42:AF42), AD42:AF42, 0)) -> 0-2 | Z42: =IFERROR(INT((LARGE(AD42:AF42,1)/SUM(H42:J42))*100),"") | AA42: =COUNTIFS(Partite!AL:AL,1,Partite!Q:Q,Palinsesto!G42)+COUNTIFS(Partite!AL:AL,1,Partite!S:S,Palinsesto!G42) -> 0 | AB42: =IFERROR(INT(AVERAGE(AA42/(SUM(H42:J42))*100,(AA43/(SUM(H43:J43))*100))),"") | AC42: =VLOOKUP($B$2+B42,Partite!$A$1:$E$2322,5,FALSE) -> 2026-07-23 | AD42: =COUNTIFS(Partite!T:T,1,Partite!G:G,Palinsesto!G42)+COUNTIFS(Partite!W:W,1,Partite!I:I,Palinsesto!G42) -> 0 | AE42: =COUNTIFS(Partite!U:U,1,Partite!H:H,G42)+COUNTIFS(Partite!X:X,1,Partite!J:J,G42) -> 0 | AF42: =COUNTIFS(Partite!V:V,1,Partite!I:I,G42)+COUNTIFS(Partite!Y:Y,1,Partite!K:K,G42) -> 0
G43: =VLOOKUP($B$2+B42,Partite!$A$1:$Z$2322,9,FALSE) -> pt Benfica | H43: =IFERROR(VLOOKUP(G43,Classifica!$C$2:$R$131,3,FALSE),"") | I43: =IFERROR(VLOOKUP(G43,Classifica!$C$2:$R$131,4,FALSE),"") | J43: =IFERROR(VLOOKUP(G43,Classifica!$C$2:$R$131,5,FALSE),"") | K43: =IFERROR(VLOOKUP(G43,Classifica!$C$2:$R$131,6,FALSE),"") | L43: =IFERROR(VLOOKUP(G43,Classifica!$C$2:$R$131,7,FALSE),"") | M43: =IFERROR(VLOOKUP(G43,Classifica!$C$2:$R$131,8,FALSE),"") | N43: =IFERROR(VLOOKUP(G43,Classifica!$C$2:$R$131,9,FALSE),"") | O43: =IFERROR(VLOOKUP(G43,Classifica!$C$2:$R$131,16,FALSE),"") | P43: =IFERROR(MID(INDEX(Classifica!M:M, MATCH(G43, Classifica!C:C, 0)), 1, 1), "") | Q43: =IFERROR(MID(INDEX(Classifica!M:M, MATCH(G43, Classifica!C:C, 0)), 3, 1), "") | R43: =IFERROR(MID(INDEX(Classifica!M:M, MATCH(G43, Classifica!C:C, 0)), 5, 1), "") | S43: =IFERROR(MID(INDEX(Classifica!M:M, MATCH(G43, Classifica!C:C, 0)), 7, 1), "") | T43: =IFERROR(MID(INDEX(Classifica!M:M, MATCH(G43, Classifica!C:C, 0)), 9, 1), "") | U43: =IFERROR(IF(P43="","",COUNTIF(P43:T43,"W")*20+COUNTIF(P43:T43,"D")*7),"") | W43: =COUNTIFS(Partite!AE:AE,1,Partite!Q:Q,Palinsesto!G43)+COUNTIFS(Partite!AE:AE,1,Partite!S:S,Palinsesto!G43) -> 0 | Y43: =INDEX(AD$4:AF$4, MATCH(MAX(AD43:AF43), AD43:AF43, 0)) -> 0-2 | Z43: =IFERROR(INT((LARGE(AD43:AF43,1)/SUM(H43:J43))*100),"") | AA43: =COUNTIFS(Partite!AL:AL,1,Partite!Q:Q,Palinsesto!G43)+COUNTIFS(Partite!AL:AL,1,Partite!S:S,Palinsesto!G43) -> 0 | AD43: =COUNTIFS(Partite!T:T,1,Partite!G:G,Palinsesto!G43)+COUNTIFS(Partite!W:W,1,Partite!I:I,Palinsesto!G43) -> 0 | AE43: =COUNTIFS(Partite!U:U,1,Partite!H:H,G43)+COUNTIFS(Partite!X:X,1,Partite!J:J,G43) -> 0 | AF43: =COUNTIFS(Partite!V:V,1,Partite!I:I,G43)+COUNTIFS(Partite!Y:Y,1,Partite!K:K,G43) -> 0
B45: =B42+1 -> 14 | C45: =VLOOKUP($B$2+B45,Partite!$A$1:$Z$2322,2,FALSE) -> Europa League | D45: =VLOOKUP($B$2+B45,Partite!$A$1:$Z$2322,3,FALSE) -> 0 | E45: =VALUE(TEXT(AC45, "GG/MM/AAAA")) -> 46226 | F45: =VLOOKUP($B$2+B45,Partite!$A$1:$Z$2322,6,FALSE) -> 20:00 | G45: =VLOOKUP($B$2+B45,Partite!$A$1:$Z$2322,7,FALSE) -> Twente nl | H45: =IFERROR(VLOOKUP(G45,Classifica!$C$2:$R$131,3,FALSE),"") | I45: =IFERROR(VLOOKUP(G45,Classifica!$C$2:$R$131,4,FALSE),"") | J45: =IFERROR(VLOOKUP(G45,Classifica!$C$2:$R$131,5,FALSE),"") | K45: =IFERROR(VLOOKUP(G45,Classifica!$C$2:$R$131,6,FALSE),"") | L45: =IFERROR(VLOOKUP(G45,Classifica!$C$2:$R$131,7,FALSE),"") | M45: =IFERROR(VLOOKUP(G45,Classifica!$C$2:$R$131,8,FALSE),"") | N45: =IFERROR(VLOOKUP(G45,Classifica!$C$2:$R$131,9,FALSE),"") | O45: =IFERROR(VLOOKUP(G45,Classifica!$C$2:$R$131,16,FALSE),"") | P45: =IFERROR(MID(INDEX(Classifica!M:M, MATCH(G45, Classifica!C:C, 0)), 1, 1), "") | Q45: =IFERROR(MID(INDEX(Classifica!M:M, MATCH(G45, Classifica!C:C, 0)), 3, 1), "") | R45: =IFERROR(MID(INDEX(Classifica!M:M, MATCH(G45, Classifica!C:C, 0)), 5, 1), "") | S45: =IFERROR(MID(INDEX(Classifica!M:M, MATCH(G45, Classifica!C:C, 0)), 7, 1), "") | T45: =IFERROR(MID(INDEX(Classifica!M:M, MATCH(G45, Classifica!C:C, 0)), 9, 1), "") | U45: =IFERROR(IF(P45="","",COUNTIF(P45:T45,"W")*20+COUNTIF(P45:T45,"D")*7),"") | V45: =IFERROR(ABS(U45-U46),"") | W45: =COUNTIFS(Partite!AE:AE,1,Partite!Q:Q,Palinsesto!G45)+COUNTIFS(Partite!AE:AE,1,Partite!S:S,Palinsesto!G45) -> 0 | X45: =IFERROR(AVERAGE(IFERROR(INT(W45/(SUM(H45:J45))*100),""),IFERROR(INT(W46/(SUM(H46:J46))*100),"")),"") | Y45: =INDEX(AD$4:AF$4, MATCH(MAX(AD45:AF45), AD45:AF45, 0)) -> 0-2 | Z45: =IFERROR(INT((LARGE(AD45:AF45,1)/SUM(H45:J45))*100),"") | AA45: =COUNTIFS(Partite!AL:AL,1,Partite!Q:Q,Palinsesto!G45)+COUNTIFS(Partite!AL:AL,1,Partite!S:S,Palinsesto!G45) -> 0 | AB45: =IFERROR(INT(AVERAGE(AA45/(SUM(H45:J45))*100,(AA46/(SUM(H46:J46))*100))),"") | AC45: =VLOOKUP($B$2+B45,Partite!$A$1:$E$2322,5,FALSE) -> 2026-07-23 | AD45: =COUNTIFS(Partite!T:T,1,Partite!G:G,Palinsesto!G45)+COUNTIFS(Partite!W:W,1,Partite!I:I,Palinsesto!G45) -> 0 | AE45: =COUNTIFS(Partite!U:U,1,Partite!H:H,G45)+COUNTIFS(Partite!X:X,1,Partite!J:J,G45) -> 0 | AF45: =COUNTIFS(Partite!V:V,1,Partite!I:I,G45)+COUNTIFS(Partite!Y:Y,1,Partite!K:K,G45) -> 0
G46: =VLOOKUP($B$2+B45,Partite!$A$1:$Z$2322,9,FALSE) -> hu Ferencváros | H46: =IFERROR(VLOOKUP(G46,Classifica!$C$2:$R$131,3,FALSE),"") | I46: =IFERROR(VLOOKUP(G46,Classifica!$C$2:$R$131,4,FALSE),"") | J46: =IFERROR(VLOOKUP(G46,Classifica!$C$2:$R$131,5,FALSE),"") | K46: =IFERROR(VLOOKUP(G46,Classifica!$C$2:$R$131,6,FALSE),"") | L46: =IFERROR(VLOOKUP(G46,Classifica!$C$2:$R$131,7,FALSE),"") | M46: =IFERROR(VLOOKUP(G46,Classifica!$C$2:$R$131,8,FALSE),"") | N46: =IFERROR(VLOOKUP(G46,Classifica!$C$2:$R$131,9,FALSE),"") | O46: =IFERROR(VLOOKUP(G46,Classifica!$C$2:$R$131,16,FALSE),"") | P46: =IFERROR(MID(INDEX(Classifica!M:M, MATCH(G46, Classifica!C:C, 0)), 1, 1), "") | Q46: =IFERROR(MID(INDEX(Classifica!M:M, MATCH(G46, Classifica!C:C, 0)), 3, 1), "") | R46: =IFERROR(MID(INDEX(Classifica!M:M, MATCH(G46, Classifica!C:C, 0)), 5, 1), "") | S46: =IFERROR(MID(INDEX(Classifica!M:M, MATCH(G46, Classifica!C:C, 0)), 7, 1), "") | T46: =IFERROR(MID(INDEX(Classifica!M:M, MATCH(G46, Classifica!C:C, 0)), 9, 1), "") | U46: =IFERROR(IF(P46="","",COUNTIF(P46:T46,"W")*20+COUNTIF(P46:T46,"D")*7),"") | W46: =COUNTIFS(Partite!AE:AE,1,Partite!Q:Q,Palinsesto!G46)+COUNTIFS(Partite!AE:AE,1,Partite!S:S,Palinsesto!G46) -> 0 | Y46: =INDEX(AD$4:AF$4, MATCH(MAX(AD46:AF46), AD46:AF46, 0)) -> 0-2 | Z46: =IFERROR(INT((LARGE(AD46:AF46,1)/SUM(H46:J46))*100),"") | AA46: =COUNTIFS(Partite!AL:AL,1,Partite!Q:Q,Palinsesto!G46)+COUNTIFS(Partite!AL:AL,1,Partite!S:S,Palinsesto!G46) -> 0 | AD46: =COUNTIFS(Partite!T:T,1,Partite!G:G,Palinsesto!G46)+COUNTIFS(Partite!W:W,1,Partite!I:I,Palinsesto!G46) -> 1 | AE46: =COUNTIFS(Partite!U:U,1,Partite!H:H,G46)+COUNTIFS(Partite!X:X,1,Partite!J:J,G46) -> 0 | AF46: =COUNTIFS(Partite!V:V,1,Partite!I:I,G46)+COUNTIFS(Partite!Y:Y,1,Partite!K:K,G46) -> 0
B48: =B45+1 -> 15 | C48: =VLOOKUP($B$2+B48,Partite!$A$1:$Z$2322,2,FALSE) -> Europa League | D48: =VLOOKUP($B$2+B48,Partite!$A$1:$Z$2322,3,FALSE) -> 0 | E48: =VALUE(TEXT(AC48, "GG/MM/AAAA")) -> 46226 | F48: =VLOOKUP($B$2+B48,Partite!$A$1:$Z$2322,6,FALSE) -> 20:00 (19:00) | G48: =VLOOKUP($B$2+B48,Partite!$A$1:$Z$2322,7,FALSE) -> Sheriff Tiraspol md | H48: =IFERROR(VLOOKUP(G48,Classifica!$C$2:$R$131,3,FALSE),"") | I48: =IFERROR(VLOOKUP(G48,Classifica!$C$2:$R$131,4,FALSE),"") | J48: =IFERROR(VLOOKUP(G48,Classifica!$C$2:$R$131,5,FALSE),"") | K48: =IFERROR(VLOOKUP(G48,Classifica!$C$2:$R$131,6,FALSE),"") | L48: =IFERROR(VLOOKUP(G48,Classifica!$C$2:$R$131,7,FALSE),"") | M48: =IFERROR(VLOOKUP(G48,Classifica!$C$2:$R$131,8,FALSE),"") | N48: =IFERROR(VLOOKUP(G48,Classifica!$C$2:$R$131,9,FALSE),"") | O48: =IFERROR(VLOOKUP(G48,Classifica!$C$2:$R$131,16,FALSE),"") | P48: =IFERROR(MID(INDEX(Classifica!M:M, MATCH(G48, Classifica!C:C, 0)), 1, 1), "") | Q48: =IFERROR(MID(INDEX(Classifica!M:M, MATCH(G48, Classifica!C:C, 0)), 3, 1), "") | R48: =IFERROR(MID(INDEX(Classifica!M:M, MATCH(G48, Classifica!C:C, 0)), 5, 1), "") | S48: =IFERROR(MID(INDEX(Classifica!M:M, MATCH(G48, Classifica!C:C, 0)), 7, 1), "") | T48: =IFERROR(MID(INDEX(Classifica!M:M, MATCH(G48, Classifica!C:C, 0)), 9, 1), "") | U48: =IFERROR(IF(P48="","",COUNTIF(P48:T48,"W")*20+COUNTIF(P48:T48,"D")*7),"") | V48: =IFERROR(ABS(U48-U49),"") | W48: =COUNTIFS(Partite!AE:AE,1,Partite!Q:Q,Palinsesto!G48)+COUNTIFS(Partite!AE:AE,1,Partite!S:S,Palinsesto!G48) -> 0 | X48: =IFERROR(AVERAGE(IFERROR(INT(W48/(SUM(H48:J48))*100),""),IFERROR(INT(W49/(SUM(H49:J49))*100),"")),"") | Y48: =INDEX(AD$4:AF$4, MATCH(MAX(AD48:AF48), AD48:AF48, 0)) -> 0-2 | Z48: =IFERROR(INT((LARGE(AD48:AF48,1)/SUM(H48:J48))*100),"") | AA48: =COUNTIFS(Partite!AL:AL,1,Partite!Q:Q,Palinsesto!G48)+COUNTIFS(Partite!AL:AL,1,Partite!S:S,Palinsesto!G48) -> 0 | AB48: =IFERROR(INT(AVERAGE(AA48/(SUM(H48:J48))*100,(AA49/(SUM(H49:J49))*100))),"") | AC48: =VLOOKUP($B$2+B48,Partite!$A$1:$E$2322,5,FALSE) -> 2026-07-23 | AD48: =COUNTIFS(Partite!T:T,1,Partite!G:G,Palinsesto!G48)+COUNTIFS(Partite!W:W,1,Partite!I:I,Palinsesto!G48) -> 1 | AE48: =COUNTIFS(Partite!U:U,1,Partite!H:H,G48)+COUNTIFS(Partite!X:X,1,Partite!J:J,G48) -> 0 | AF48: =COUNTIFS(Partite!V:V,1,Partite!I:I,G48)+COUNTIFS(Partite!Y:Y,1,Partite!K:K,G48) -> 0
G49: =VLOOKUP($B$2+B48,Partite!$A$1:$Z$2322,9,FALSE) -> il Maccabi Tel Aviv | H49: =IFERROR(VLOOKUP(G49,Classifica!$C$2:$R$131,3,FALSE),"") | I49: =IFERROR(VLOOKUP(G49,Classifica!$C$2:$R$131,4,FALSE),"") | J49: =IFERROR(VLOOKUP(G49,Classifica!$C$2:$R$131,5,FALSE),"") | K49: =IFERROR(VLOOKUP(G49,Classifica!$C$2:$R$131,6,FALSE),"") | L49: =IFERROR(VLOOKUP(G49,Classifica!$C$2:$R$131,7,FALSE),"") | M49: =IFERROR(VLOOKUP(G49,Classifica!$C$2:$R$131,8,FALSE),"") | N49: =IFERROR(VLOOKUP(G49,Classifica!$C$2:$R$131,9,FALSE),"") | O49: =IFERROR(VLOOKUP(G49,Classifica!$C$2:$R$131,16,FALSE),"") | P49: =IFERROR(MID(INDEX(Classifica!M:M, MATCH(G49, Classifica!C:C, 0)), 1, 1), "") | Q49: =IFERROR(MID(INDEX(Classifica!M:M, MATCH(G49, Classifica!C:C, 0)), 3, 1), "") | R49: =IFERROR(MID(INDEX(Classifica!M:M, MATCH(G49, Classifica!C:C, 0)), 5, 1), "") | S49: =IFERROR(MID(INDEX(Classifica!M:M, MATCH(G49, Classifica!C:C, 0)), 7, 1), "") | T49: =IFERROR(MID(INDEX(Classifica!M:M, MATCH(G49, Classifica!C:C, 0)), 9, 1), "") | U49: =IFERROR(IF(P49="","",COUNTIF(P49:T49,"W")*20+COUNTIF(P49:T49,"D")*7),"") | W49: =COUNTIFS(Partite!AE:AE,1,Partite!Q:Q,Palinsesto!G49)+COUNTIFS(Partite!AE:AE,1,Partite!S:S,Palinsesto!G49) -> 0 | Y49: =INDEX(AD$4:AF$4, MATCH(MAX(AD49:AF49), AD49:AF49, 0)) -> 0-2 | Z49: =IFERROR(INT((LARGE(AD49:AF49,1)/SUM(H49:J49))*100),"") | AA49: =COUNTIFS(Partite!AL:AL,1,Partite!Q:Q,Palinsesto!G49)+COUNTIFS(Partite!AL:AL,1,Partite!S:S,Palinsesto!G49) -> 0 | AD49: =COUNTIFS(Partite!T:T,1,Partite!G:G,Palinsesto!G49)+COUNTIFS(Partite!W:W,1,Partite!I:I,Palinsesto!G49) -> 0 | AE49: =COUNTIFS(Partite!U:U,1,Partite!H:H,G49)+COUNTIFS(Partite!X:X,1,Partite!J:J,G49) -> 0 | AF49: =COUNTIFS(Partite!V:V,1,Partite!I:I,G49)+COUNTIFS(Partite!Y:Y,1,Partite!K:K,G49) -> 0
B51: =B48+1 -> 16 | C51: =VLOOKUP($B$2+B51,Partite!$A$1:$Z$2322,2,FALSE) -> Europa League | D51: =VLOOKUP($B$2+B51,Partite!$A$1:$Z$2322,3,FALSE) -> 0 | E51: =VALUE(TEXT(AC51, "GG/MM/AAAA")) -> 46226 | F51: =VLOOKUP($B$2+B51,Partite!$A$1:$Z$2322,6,FALSE) -> 21:00 | G51: =VLOOKUP($B$2+B51,Partite!$A$1:$Z$2322,7,FALSE) -> Hajduk Split hr | H51: =IFERROR(VLOOKUP(G51,Classifica!$C$2:$R$131,3,FALSE),"") | I51: =IFERROR(VLOOKUP(G51,Classifica!$C$2:$R$131,4,FALSE),"") | J51: =IFERROR(VLOOKUP(G51,Classifica!$C$2:$R$131,5,FALSE),"") | K51: =IFERROR(VLOOKUP(G51,Classifica!$C$2:$R$131,6,FALSE),"") | L51: =IFERROR(VLOOKUP(G51,Classifica!$C$2:$R$131,7,FALSE),"") | M51: =IFERROR(VLOOKUP(G51,Classifica!$C$2:$R$131,8,FALSE),"") | N51: =IFERROR(VLOOKUP(G51,Classifica!$C$2:$R$131,9,FALSE),"") | O51: =IFERROR(VLOOKUP(G51,Classifica!$C$2:$R$131,16,FALSE),"") | P51: =IFERROR(MID(INDEX(Classifica!M:M, MATCH(G51, Classifica!C:C, 0)), 1, 1), "") | Q51: =IFERROR(MID(INDEX(Classifica!M:M, MATCH(G51, Classifica!C:C, 0)), 3, 1), "") | R51: =IFERROR(MID(INDEX(Classifica!M:M, MATCH(G51, Classifica!C:C, 0)), 5, 1), "") | S51: =IFERROR(MID(INDEX(Classifica!M:M, MATCH(G51, Classifica!C:C, 0)), 7, 1), "") | T51: =IFERROR(MID(INDEX(Classifica!M:M, MATCH(G51, Classifica!C:C, 0)), 9, 1), "") | U51: =IFERROR(IF(P51="","",COUNTIF(P51:T51,"W")*20+COUNTIF(P51:T51,"D")*7),"") | V51: =IFERROR(ABS(U51-U52),"") | W51: =COUNTIFS(Partite!AE:AE,1,Partite!Q:Q,Palinsesto!G51)+COUNTIFS(Partite!AE:AE,1,Partite!S:S,Palinsesto!G51) -> 0 | X51: =IFERROR(AVERAGE(IFERROR(INT(W51/(SUM(H51:J51))*100),""),IFERROR(INT(W52/(SUM(H52:J52))*100),"")),"") | Y51: =INDEX(AD$4:AF$4, MATCH(MAX(AD51:AF51), AD51:AF51, 0)) -> 0-2 | Z51: =IFERROR(INT((LARGE(AD51:AF51,1)/SUM(H51:J51))*100),"") | AA51: =COUNTIFS(Partite!AL:AL,1,Partite!Q:Q,Palinsesto!G51)+COUNTIFS(Partite!AL:AL,1,Partite!S:S,Palinsesto!G51) -> 0 | AB51: =IFERROR(INT(AVERAGE(AA51/(SUM(H51:J51))*100,(AA52/(SUM(H52:J52))*100))),"") | AC51: =VLOOKUP($B$2+B51,Partite!$A$1:$E$2322,5,FALSE) -> 2026-07-23 | AD51: =COUNTIFS(Partite!T:T,1,Partite!G:G,Palinsesto!G51)+COUNTIFS(Partite!W:W,1,Partite!I:I,Palinsesto!G51) -> 1 | AE51: =COUNTIFS(Partite!U:U,1,Partite!H:H,G51)+COUNTIFS(Partite!X:X,1,Partite!J:J,G51) -> 0 | AF51: =COUNTIFS(Partite!V:V,1,Partite!I:I,G51)+COUNTIFS(Partite!Y:Y,1,Partite!K:K,G51) -> 0
G52: =VLOOKUP($B$2+B51,Partite!$A$1:$Z$2322,9,FALSE) -> cy Pafos FC | H52: =IFERROR(VLOOKUP(G52,Classifica!$C$2:$R$131,3,FALSE),"") | I52: =IFERROR(VLOOKUP(G52,Classifica!$C$2:$R$131,4,FALSE),"") | J52: =IFERROR(VLOOKUP(G52,Classifica!$C$2:$R$131,5,FALSE),"") | K52: =IFERROR(VLOOKUP(G52,Classifica!$C$2:$R$131,6,FALSE),"") | L52: =IFERROR(VLOOKUP(G52,Classifica!$C$2:$R$131,7,FALSE),"") | M52: =IFERROR(VLOOKUP(G52,Classifica!$C$2:$R$131,8,FALSE),"") | N52: =IFERROR(VLOOKUP(G52,Classifica!$C$2:$R$131,9,FALSE),"") | O52: =IFERROR(VLOOKUP(G52,Classifica!$C$2:$R$131,16,FALSE),"") | P52: =IFERROR(MID(INDEX(Classifica!M:M, MATCH(G52, Classifica!C:C, 0)), 1, 1), "") | Q52: =IFERROR(MID(INDEX(Classifica!M:M, MATCH(G52, Classifica!C:C, 0)), 3, 1), "") | R52: =IFERROR(MID(INDEX(Classifica!M:M, MATCH(G52, Classifica!C:C, 0)), 5, 1), "") | S52: =IFERROR(MID(INDEX(Classifica!M:M, MATCH(G52, Classifica!C:C, 0)), 7, 1), "") | T52: =IFERROR(MID(INDEX(Classifica!M:M, MATCH(G52, Classifica!C:C, 0)), 9, 1), "") | U52: =IFERROR(IF(P52="","",COUNTIF(P52:T52,"W")*20+COUNTIF(P52:T52,"D")*7),"") | W52: =COUNTIFS(Partite!AE:AE,1,Partite!Q:Q,Palinsesto!G52)+COUNTIFS(Partite!AE:AE,1,Partite!S:S,Palinsesto!G52) -> 0 | Y52: =INDEX(AD$4:AF$4, MATCH(MAX(AD52:AF52), AD52:AF52, 0)) -> 0-2 | Z52: =IFERROR(INT((LARGE(AD52:AF52,1)/SUM(H52:J52))*100),"") | AA52: =COUNTIFS(Partite!AL:AL,1,Partite!Q:Q,Palinsesto!G52)+COUNTIFS(Partite!AL:AL,1,Partite!S:S,Palinsesto!G52) -> 0 | AD52: =COUNTIFS(Partite!T:T,1,Partite!G:G,Palinsesto!G52)+COUNTIFS(Partite!W:W,1,Partite!I:I,Palinsesto!G52) -> 0 | AE52: =COUNTIFS(Partite!U:U,1,Partite!H:H,G52)+COUNTIFS(Partite!X:X,1,Partite!J:J,G52) -> 0 | AF52: =COUNTIFS(Partite!V:V,1,Partite!I:I,G52)+COUNTIFS(Partite!Y:Y,1,Partite!K:K,G52) -> 0
B54: =B51+1 -> 17 | C54: =VLOOKUP($B$2+B54,Partite!$A$1:$Z$2322,2,FALSE) -> Europa League | D54: =VLOOKUP($B$2+B54,Partite!$A$1:$Z$2322,3,FALSE) -> 0 | E54: =VALUE(TEXT(AC54, "GG/MM/AAAA")) -> 46226 | F54: =VLOOKUP($B$2+B54,Partite!$A$1:$Z$2322,6,FALSE) -> 21:00 (20:00) | G54: =VLOOKUP($B$2+B54,Partite!$A$1:$Z$2322,7,FALSE) -> Beşiktaş tr | H54: =IFERROR(VLOOKUP(G54,Classifica!$C$2:$R$131,3,FALSE),"") | I54: =IFERROR(VLOOKUP(G54,Classifica!$C$2:$R$131,4,FALSE),"") | J54: =IFERROR(VLOOKUP(G54,Classifica!$C$2:$R$131,5,FALSE),"") | K54: =IFERROR(VLOOKUP(G54,Classifica!$C$2:$R$131,6,FALSE),"") | L54: =IFERROR(VLOOKUP(G54,Classifica!$C$2:$R$131,7,FALSE),"") | M54: =IFERROR(VLOOKUP(G54,Classifica!$C$2:$R$131,8,FALSE),"") | N54: =IFERROR(VLOOKUP(G54,Classifica!$C$2:$R$131,9,FALSE),"") | O54: =IFERROR(VLOOKUP(G54,Classifica!$C$2:$R$131,16,FALSE),"") | P54: =IFERROR(MID(INDEX(Classifica!M:M, MATCH(G54, Classifica!C:C, 0)), 1, 1), "") | Q54: =IFERROR(MID(INDEX(Classifica!M:M, MATCH(G54, Classifica!C:C, 0)), 3, 1), "") | R54: =IFERROR(MID(INDEX(Classifica!M:M, MATCH(G54, Classifica!C:C, 0)), 5, 1), "") | S54: =IFERROR(MID(INDEX(Classifica!M:M, MATCH(G54, Classifica!C:C, 0)), 7, 1), "") | T54: =IFERROR(MID(INDEX(Classifica!M:M, MATCH(G54, Classifica!C:C, 0)), 9, 1), "") | U54: =IFERROR(IF(P54="","",COUNTIF(P54:T54,"W")*20+COUNTIF(P54:T54,"D")*7),"") | V54: =IFERROR(ABS(U54-U55),"") | W54: =COUNTIFS(Partite!AE:AE,1,Partite!Q:Q,Palinsesto!G54)+COUNTIFS(Partite!AE:AE,1,Partite!S:S,Palinsesto!G54) -> 0 | X54: =IFERROR(AVERAGE(IFERROR(INT(W54/(SUM(H54:J54))*100),""),IFERROR(INT(W55/(SUM(H55:J55))*100),"")),"") | Y54: =INDEX(AD$4:AF$4, MATCH(MAX(AD54:AF54), AD54:AF54, 0)) -> 0-2 | Z54: =IFERROR(INT((LARGE(AD54:AF54,1)/SUM(H54:J54))*100),"") | AA54: =COUNTIFS(Partite!AL:AL,1,Partite!Q:Q,Palinsesto!G54)+COUNTIFS(Partite!AL:AL,1,Partite!S:S,Palinsesto!G54) -> 0 | AB54: =IFERROR(INT(AVERAGE(AA54/(SUM(H54:J54))*100,(AA55/(SUM(H55:J55))*100))),"") | AC54: =VLOOKUP($B$2+B54,Partite!$A$1:$E$2322,5,FALSE) -> 2026-07-23 | AD54: =COUNTIFS(Partite!T:T,1,Partite!G:G,Palinsesto!G54)+COUNTIFS(Partite!W:W,1,Partite!I:I,Palinsesto!G54) -> 0 | AE54: =COUNTIFS(Partite!U:U,1,Partite!H:H,G54)+COUNTIFS(Partite!X:X,1,Partite!J:J,G54) -> 0 | AF54: =COUNTIFS(Partite!V:V,1,Partite!I:I,G54)+COUNTIFS(Partite!Y:Y,1,Partite!K:K,G54) -> 0
G55: =VLOOKUP($B$2+B54,Partite!$A$1:$Z$2322,9,FALSE) -> dk Midtjylland | H55: =IFERROR(VLOOKUP(G55,Classifica!$C$2:$R$131,3,FALSE),"") | I55: =IFERROR(VLOOKUP(G55,Classifica!$C$2:$R$131,4,FALSE),"") | J55: =IFERROR(VLOOKUP(G55,Classifica!$C$2:$R$131,5,FALSE),"") | K55: =IFERROR(VLOOKUP(G55,Classifica!$C$2:$R$131,6,FALSE),"") | L55: =IFERROR(VLOOKUP(G55,Classifica!$C$2:$R$131,7,FALSE),"") | M55: =IFERROR(VLOOKUP(G55,Classifica!$C$2:$R$131,8,FALSE),"") | N55: =IFERROR(VLOOKUP(G55,Classifica!$C$2:$R$131,9,FALSE),"") | O55: =IFERROR(VLOOKUP(G55,Classifica!$C$2:$R$131,16,FALSE),"") | P55: =IFERROR(MID(INDEX(Classifica!M:M, MATCH(G55, Classifica!C:C, 0)), 1, 1), "") | Q55: =IFERROR(MID(INDEX(Classifica!M:M, MATCH(G55, Classifica!C:C, 0)), 3, 1), "") | R55: =IFERROR(MID(INDEX(Classifica!M:M, MATCH(G55, Classifica!C:C, 0)), 5, 1), "") | S55: =IFERROR(MID(INDEX(Classifica!M:M, MATCH(G55, Classifica!C:C, 0)), 7, 1), "") | T55: =IFERROR(MID(INDEX(Classifica!M:M, MATCH(G55, Classifica!C:C, 0)), 9, 1), "") | U55: =IFERROR(IF(P55="","",COUNTIF(P55:T55,"W")*20+COUNTIF(P55:T55,"D")*7),"") | W55: =COUNTIFS(Partite!AE:AE,1,Partite!Q:Q,Palinsesto!G55)+COUNTIFS(Partite!AE:AE,1,Partite!S:S,Palinsesto!G55) -> 0 | Y55: =INDEX(AD$4:AF$4, MATCH(MAX(AD55:AF55), AD55:AF55, 0)) -> 0-2 | Z55: =IFERROR(INT((LARGE(AD55:AF55,1)/SUM(H55:J55))*100),"") | AA55: =COUNTIFS(Partite!AL:AL,1,Partite!Q:Q,Palinsesto!G55)+COUNTIFS(Partite!AL:AL,1,Partite!S:S,Palinsesto!G55) -> 0 | AD55: =COUNTIFS(Partite!T:T,1,Partite!G:G,Palinsesto!G55)+COUNTIFS(Partite!W:W,1,Partite!I:I,Palinsesto!G55) -> 0 | AE55: =COUNTIFS(Partite!U:U,1,Partite!H:H,G55)+COUNTIFS(Partite!X:X,1,Partite!J:J,G55) -> 0 | AF55: =COUNTIFS(Partite!V:V,1,Partite!I:I,G55)+COUNTIFS(Partite!Y:Y,1,Partite!K:K,G55) -> 0
B57: =B54+1 -> 18 | C57: =VLOOKUP($B$2+B57,Partite!$A$1:$Z$2322,2,FALSE) -> Allsvenskan | D57: =VLOOKUP($B$2+B57,Partite!$A$1:$Z$2322,3,FALSE) -> 14 | E57: =VALUE(TEXT(AC57, "GG/MM/AAAA")) -> 46227 | F57: =VLOOKUP($B$2+B57,Partite!$A$1:$Z$2322,6,FALSE) -> 19:00 | G57: =VLOOKUP($B$2+B57,Partite!$A$1:$Z$2322,7,FALSE) -> Västerås | H57: =IFERROR(VLOOKUP(G57,Classifica!$C$2:$R$131,3,FALSE),"") -> 5 | I57: =IFERROR(VLOOKUP(G57,Classifica!$C$2:$R$131,4,FALSE),"") -> 4 | J57: =IFERROR(VLOOKUP(G57,Classifica!$C$2:$R$131,5,FALSE),"") -> 4 | K57: =IFERROR(VLOOKUP(G57,Classifica!$C$2:$R$131,6,FALSE),"") -> 22 | L57: =IFERROR(VLOOKUP(G57,Classifica!$C$2:$R$131,7,FALSE),"") -> 23 | M57: =IFERROR(VLOOKUP(G57,Classifica!$C$2:$R$131,8,FALSE),"") -> -1 | N57: =IFERROR(VLOOKUP(G57,Classifica!$C$2:$R$131,9,FALSE),"") -> 19 | O57: =IFERROR(VLOOKUP(G57,Classifica!$C$2:$R$131,16,FALSE),"") -> 8 | P57: =IFERROR(MID(INDEX(Classifica!M:M, MATCH(G57, Classifica!C:C, 0)), 1, 1), "") -> W | Q57: =IFERROR(MID(INDEX(Classifica!M:M, MATCH(G57, Classifica!C:C, 0)), 3, 1), "") -> L | R57: =IFERROR(MID(INDEX(Classifica!M:M, MATCH(G57, Classifica!C:C, 0)), 5, 1), "") -> W | S57: =IFERROR(MID(INDEX(Classifica!M:M, MATCH(G57, Classifica!C:C, 0)), 7, 1), "") -> W | T57: =IFERROR(MID(INDEX(Classifica!M:M, MATCH(G57, Classifica!C:C, 0)), 9, 1), "") -> D | U57: =IFERROR(IF(P57="","",COUNTIF(P57:T57,"W")*20+COUNTIF(P57:T57,"D")*7),"") -> 67 | V57: =IFERROR(ABS(U57-U58),"") -> 40 | W57: =COUNTIFS(Partite!AE:AE,1,Partite!Q:Q,Palinsesto!G57)+COUNTIFS(Partite!AE:AE,1,Partite!S:S,Palinsesto!G57) -> 0 | X57: =IFERROR(AVERAGE(IFERROR(INT(W57/(SUM(H57:J57))*100),""),IFERROR(INT(W58/(SUM(H58:J58))*100),"")),"") -> 0 | Y57: =INDEX(AD$4:AF$4, MATCH(MAX(AD57:AF57), AD57:AF57, 0)) -> 0-2 | Z57: =IFERROR(INT((LARGE(AD57:AF57,1)/SUM(H57:J57))*100),"") -> 69 | AA57: =COUNTIFS(Partite!AL:AL,1,Partite!Q:Q,Palinsesto!G57)+COUNTIFS(Partite!AL:AL,1,Partite!S:S,Palinsesto!G57) -> 0 | AB57: =IFERROR(INT(AVERAGE(AA57/(SUM(H57:J57))*100,(AA58/(SUM(H58:J58))*100))),"") -> 0 | AC57: =VLOOKUP($B$2+B57,Partite!$A$1:$E$2322,5,FALSE) -> 2026-07-24 | AD57: =COUNTIFS(Partite!T:T,1,Partite!G:G,Palinsesto!G57)+COUNTIFS(Partite!W:W,1,Partite!I:I,Palinsesto!G57) -> 9 | AE57: =COUNTIFS(Partite!U:U,1,Partite!H:H,G57)+COUNTIFS(Partite!X:X,1,Partite!J:J,G57) -> 0 | AF57: =COUNTIFS(Partite!V:V,1,Partite!I:I,G57)+COUNTIFS(Partite!Y:Y,1,Partite!K:K,G57) -> 3
G58: =VLOOKUP($B$2+B57,Partite!$A$1:$Z$2322,9,FALSE) -> Örgryte | H58: =IFERROR(VLOOKUP(G58,Classifica!$C$2:$R$131,3,FALSE),"") -> 2 | I58: =IFERROR(VLOOKUP(G58,Classifica!$C$2:$R$131,4,FALSE),"") -> 3 | J58: =IFERROR(VLOOKUP(G58,Classifica!$C$2:$R$131,5,FALSE),"") -> 7 | K58: =IFERROR(VLOOKUP(G58,Classifica!$C$2:$R$131,6,FALSE),"") -> 14 | L58: =IFERROR(VLOOKUP(G58,Classifica!$C$2:$R$131,7,FALSE),"") -> 31 | M58: =IFERROR(VLOOKUP(G58,Classifica!$C$2:$R$131,8,FALSE),"") -> -17 | N58: =IFERROR(VLOOKUP(G58,Classifica!$C$2:$R$131,9,FALSE),"") -> 9 | O58: =IFERROR(VLOOKUP(G58,Classifica!$C$2:$R$131,16,FALSE),"") -> 15 | P58: =IFERROR(MID(INDEX(Classifica!M:M, MATCH(G58, Classifica!C:C, 0)), 1, 1), "") -> L | Q58: =IFERROR(MID(INDEX(Classifica!M:M, MATCH(G58, Classifica!C:C, 0)), 3, 1), "") -> L | R58: =IFERROR(MID(INDEX(Classifica!M:M, MATCH(G58, Classifica!C:C, 0)), 5, 1), "") -> D | S58: =IFERROR(MID(INDEX(Classifica!M:M, MATCH(G58, Classifica!C:C, 0)), 7, 1), "") -> L | T58: =IFERROR(MID(INDEX(Classifica!M:M, MATCH(G58, Classifica!C:C, 0)), 9, 1), "") -> W | U58: =IFERROR(IF(P58="","",COUNTIF(P58:T58,"W")*20+COUNTIF(P58:T58,"D")*7),"") -> 27 | W58: =COUNTIFS(Partite!AE:AE,1,Partite!Q:Q,Palinsesto!G58)+COUNTIFS(Partite!AE:AE,1,Partite!S:S,Palinsesto!G58) -> 0 | Y58: =INDEX(AD$4:AF$4, MATCH(MAX(AD58:AF58), AD58:AF58, 0)) -> 0-2 | Z58: =IFERROR(INT((LARGE(AD58:AF58,1)/SUM(H58:J58))*100),"") -> 91 | AA58: =COUNTIFS(Partite!AL:AL,1,Partite!Q:Q,Palinsesto!G58)+COUNTIFS(Partite!AL:AL,1,Partite!S:S,Palinsesto!G58) -> 0 | AD58: =COUNTIFS(Partite!T:T,1,Partite!G:G,Palinsesto!G58)+COUNTIFS(Partite!W:W,1,Partite!I:I,Palinsesto!G58) -> 11 | AE58: =COUNTIFS(Partite!U:U,1,Partite!H:H,G58)+COUNTIFS(Partite!X:X,1,Partite!J:J,G58) -> 0 | AF58: =COUNTIFS(Partite!V:V,1,Partite!I:I,G58)+COUNTIFS(Partite!Y:Y,1,Partite!K:K,G58) -> 4
B60: =B57+1 -> 19 | C60: =VLOOKUP($B$2+B60,Partite!$A$1:$Z$2322,2,FALSE) -> Danish Superliga | D60: =VLOOKUP($B$2+B60,Partite!$A$1:$Z$2322,3,FALSE) -> 1 | E60: =VALUE(TEXT(AC60, "GG/MM/AAAA")) -> 46227 | F60: =VLOOKUP($B$2+B60,Partite!$A$1:$Z$2322,6,FALSE) -> 19:00 | G60: =VLOOKUP($B$2+B60,Partite!$A$1:$Z$2322,7,FALSE) -> Viborg | H60: =IFERROR(VLOOKUP(G60,Classifica!$C$2:$R$131,3,FALSE),"") -> 0 | I60: =IFERROR(VLOOKUP(G60,Classifica!$C$2:$R$131,4,FALSE),"") -> 0 | J60: =IFERROR(VLOOKUP(G60,Classifica!$C$2:$R$131,5,FALSE),"") -> 0 | K60: =IFERROR(VLOOKUP(G60,Classifica!$C$2:$R$131,6,FALSE),"") -> 0 | L60: =IFERROR(VLOOKUP(G60,Classifica!$C$2:$R$131,7,FALSE),"") -> 0 | M60: =IFERROR(VLOOKUP(G60,Classifica!$C$2:$R$131,8,FALSE),"") -> 0 | N60: =IFERROR(VLOOKUP(G60,Classifica!$C$2:$R$131,9,FALSE),"") -> 0 | O60: =IFERROR(VLOOKUP(G60,Classifica!$C$2:$R$131,16,FALSE),"") -> 2 | P60: =IFERROR(MID(INDEX(Classifica!M:M, MATCH(G60, Classifica!C:C, 0)), 1, 1), "") | Q60: =IFERROR(MID(INDEX(Classifica!M:M, MATCH(G60, Classifica!C:C, 0)), 3, 1), "") | R60: =IFERROR(MID(INDEX(Classifica!M:M, MATCH(G60, Classifica!C:C, 0)), 5, 1), "") | S60: =IFERROR(MID(INDEX(Classifica!M:M, MATCH(G60, Classifica!C:C, 0)), 7, 1), "") | T60: =IFERROR(MID(INDEX(Classifica!M:M, MATCH(G60, Classifica!C:C, 0)), 9, 1), "") | U60: =IFERROR(IF(P60="","",COUNTIF(P60:T60,"W")*20+COUNTIF(P60:T60,"D")*7),"") | V60: =IFERROR(ABS(U60-U61),"") | W60: =COUNTIFS(Partite!AE:AE,1,Partite!Q:Q,Palinsesto!G60)+COUNTIFS(Partite!AE:AE,1,Partite!S:S,Palinsesto!G60) -> 0 | X60: =IFERROR(AVERAGE(IFERROR(INT(W60/(SUM(H60:J60))*100),""),IFERROR(INT(W61/(SUM(H61:J61))*100),"")),"") | Y60: =INDEX(AD$4:AF$4, MATCH(MAX(AD60:AF60), AD60:AF60, 0)) -> 0-2 | Z60: =IFERROR(INT((LARGE(AD60:AF60,1)/SUM(H60:J60))*100),"") | AA60: =COUNTIFS(Partite!AL:AL,1,Partite!Q:Q,Palinsesto!G60)+COUNTIFS(Partite!AL:AL,1,Partite!S:S,Palinsesto!G60) -> 0 | AB60: =IFERROR(INT(AVERAGE(AA60/(SUM(H60:J60))*100,(AA61/(SUM(H61:J61))*100))),"") | AC60: =VLOOKUP($B$2+B60,Partite!$A$1:$E$2322,5,FALSE) -> 2026-07-24 | AD60: =COUNTIFS(Partite!T:T,1,Partite!G:G,Palinsesto!G60)+COUNTIFS(Partite!W:W,1,Partite!I:I,Palinsesto!G60) -> 0 | AE60: =COUNTIFS(Partite!U:U,1,Partite!H:H,G60)+COUNTIFS(Partite!X:X,1,Partite!J:J,G60) -> 0 | AF60: =COUNTIFS(Partite!V:V,1,Partite!I:I,G60)+COUNTIFS(Partite!Y:Y,1,Partite!K:K,G60) -> 0
G61: =VLOOKUP($B$2+B60,Partite!$A$1:$Z$2322,9,FALSE) -> Odense | H61: =IFERROR(VLOOKUP(G61,Classifica!$C$2:$R$131,3,FALSE),"") -> 0 | I61: =IFERROR(VLOOKUP(G61,Classifica!$C$2:$R$131,4,FALSE),"") -> 0 | J61: =IFERROR(VLOOKUP(G61,Classifica!$C$2:$R$131,5,FALSE),"") -> 0 | K61: =IFERROR(VLOOKUP(G61,Classifica!$C$2:$R$131,6,FALSE),"") -> 0 | L61: =IFERROR(VLOOKUP(G61,Classifica!$C$2:$R$131,7,FALSE),"") -> 0 | M61: =IFERROR(VLOOKUP(G61,Classifica!$C$2:$R$131,8,FALSE),"") -> 0 | N61: =IFERROR(VLOOKUP(G61,Classifica!$C$2:$R$131,9,FALSE),"") -> 0 | O61: =IFERROR(VLOOKUP(G61,Classifica!$C$2:$R$131,16,FALSE),"") -> 8 | P61: =IFERROR(MID(INDEX(Classifica!M:M, MATCH(G61, Classifica!C:C, 0)), 1, 1), "") | Q61: =IFERROR(MID(INDEX(Classifica!M:M, MATCH(G61, Classifica!C:C, 0)), 3, 1), "") | R61: =IFERROR(MID(INDEX(Classifica!M:M, MATCH(G61, Classifica!C:C, 0)), 5, 1), "") | S61: =IFERROR(MID(INDEX(Classifica!M:M, MATCH(G61, Classifica!C:C, 0)), 7, 1), "") | T61: =IFERROR(MID(INDEX(Classifica!M:M, MATCH(G61, Classifica!C:C, 0)), 9, 1), "") | U61: =IFERROR(IF(P61="","",COUNTIF(P61:T61,"W")*20+COUNTIF(P61:T61,"D")*7),"") | W61: =COUNTIFS(Partite!AE:AE,1,Partite!Q:Q,Palinsesto!G61)+COUNTIFS(Partite!AE:AE,1,Partite!S:S,Palinsesto!G61) -> 0 | Y61: =INDEX(AD$4:AF$4, MATCH(MAX(AD61:AF61), AD61:AF61, 0)) -> 0-2 | Z61: =IFERROR(INT((LARGE(AD61:AF61,1)/SUM(H61:J61))*100),"") | AA61: =COUNTIFS(Partite!AL:AL,1,Partite!Q:Q,Palinsesto!G61)+COUNTIFS(Partite!AL:AL,1,Partite!S:S,Palinsesto!G61) -> 0 | AD61: =COUNTIFS(Partite!T:T,1,Partite!G:G,Palinsesto!G61)+COUNTIFS(Partite!W:W,1,Partite!I:I,Palinsesto!G61) -> 0 | AE61: =COUNTIFS(Partite!U:U,1,Partite!H:H,G61)+COUNTIFS(Partite!X:X,1,Partite!J:J,G61) -> 0 | AF61: =COUNTIFS(Partite!V:V,1,Partite!I:I,G61)+COUNTIFS(Partite!Y:Y,1,Partite!K:K,G61) -> 0
B63: =B60+1 -> 20 | C63: =VLOOKUP($B$2+B63,Partite!$A$1:$Z$2322,2,FALSE) -> Ireland Premier Division | D63: =VLOOKUP($B$2+B63,Partite!$A$1:$Z$2322,3,FALSE) -> 25 | E63: =VALUE(TEXT(AC63, "GG/MM/AAAA")) -> 46227 | F63: =VLOOKUP($B$2+B63,Partite!$A$1:$Z$2322,6,FALSE) -> 20:00 (21:00) | G63: =VLOOKUP($B$2+B63,Partite!$A$1:$Z$2322,7,FALSE) -> St Patrick's | H63: =IFERROR(VLOOKUP(G63,Classifica!$C$2:$R$131,3,FALSE),"") -> 12 | I63: =IFERROR(VLOOKUP(G63,Classifica!$C$2:$R$131,4,FALSE),"") -> 6 | J63: =IFERROR(VLOOKUP(G63,Classifica!$C$2:$R$131,5,FALSE),"") -> 6 | K63: =IFERROR(VLOOKUP(G63,Classifica!$C$2:$R$131,6,FALSE),"") -> 39 | L63: =IFERROR(VLOOKUP(G63,Classifica!$C$2:$R$131,7,FALSE),"") -> 20 | M63: =IFERROR(VLOOKUP(G63,Classifica!$C$2:$R$131,8,FALSE),"") -> 19 | N63: =IFERROR(VLOOKUP(G63,Classifica!$C$2:$R$131,9,FALSE),"") -> 42 | O63: =IFERROR(VLOOKUP(G63,Classifica!$C$2:$R$131,16,FALSE),"") -> 3 | P63: =IFERROR(MID(INDEX(Classifica!M:M, MATCH(G63, Classifica!C:C, 0)), 1, 1), "") -> W | Q63: =IFERROR(MID(INDEX(Classifica!M:M, MATCH(G63, Classifica!C:C, 0)), 3, 1), "") -> W | R63: =IFERROR(MID(INDEX(Classifica!M:M, MATCH(G63, Classifica!C:C, 0)), 5, 1), "") -> L | S63: =IFERROR(MID(INDEX(Classifica!M:M, MATCH(G63, Classifica!C:C, 0)), 7, 1), "") -> W | T63: =IFERROR(MID(INDEX(Classifica!M:M, MATCH(G63, Classifica!C:C, 0)), 9, 1), "") -> D | U63: =IFERROR(IF(P63="","",COUNTIF(P63:T63,"W")*20+COUNTIF(P63:T63,"D")*7),"") -> 67 | V63: =IFERROR(ABS(U63-U64),"") -> 27 | W63: =COUNTIFS(Partite!AE:AE,1,Partite!Q:Q,Palinsesto!G63)+COUNTIFS(Partite!AE:AE,1,Partite!S:S,Palinsesto!G63) -> 0 | X63: =IFERROR(AVERAGE(IFERROR(INT(W63/(SUM(H63:J63))*100),""),IFERROR(INT(W64/(SUM(H64:J64))*100),"")),"") -> 0 | Y63: =INDEX(AD$4:AF$4, MATCH(MAX(AD63:AF63), AD63:AF63, 0)) -> 0-2 | Z63: =IFERROR(INT((LARGE(AD63:AF63,1)/SUM(H63:J63))*100),"") -> 66 | AA63: =COUNTIFS(Partite!AL:AL,1,Partite!Q:Q,Palinsesto!G63)+COUNTIFS(Partite!AL:AL,1,Partite!S:S,Palinsesto!G63) -> 0 | AB63: =IFERROR(INT(AVERAGE(AA63/(SUM(H63:J63))*100,(AA64/(SUM(H64:J64))*100))),"") -> 0 | AC63: =VLOOKUP($B$2+B63,Partite!$A$1:$E$2322,5,FALSE) -> 2026-07-24 | AD63: =COUNTIFS(Partite!T:T,1,Partite!G:G,Palinsesto!G63)+COUNTIFS(Partite!W:W,1,Partite!I:I,Palinsesto!G63) -> 16 | AE63: =COUNTIFS(Partite!U:U,1,Partite!H:H,G63)+COUNTIFS(Partite!X:X,1,Partite!J:J,G63) -> 0 | AF63: =COUNTIFS(Partite!V:V,1,Partite!I:I,G63)+COUNTIFS(Partite!Y:Y,1,Partite!K:K,G63) -> 5
G64: =VLOOKUP($B$2+B63,Partite!$A$1:$Z$2322,9,FALSE) -> Dundalk FC | H64: =IFERROR(VLOOKUP(G64,Classifica!$C$2:$R$131,3,FALSE),"") -> 9 | I64: =IFERROR(VLOOKUP(G64,Classifica!$C$2:$R$131,4,FALSE),"") -> 8 | J64: =IFERROR(VLOOKUP(G64,Classifica!$C$2:$R$131,5,FALSE),"") -> 7 | K64: =IFERROR(VLOOKUP(G64,Classifica!$C$2:$R$131,6,FALSE),"") -> 38 | L64: =IFERROR(VLOOKUP(G64,Classifica!$C$2:$R$131,7,FALSE),"") -> 36 | M64: =IFERROR(VLOOKUP(G64,Classifica!$C$2:$R$131,8,FALSE),"") -> 2 | N64: =IFERROR(VLOOKUP(G64,Classifica!$C$2:$R$131,9,FALSE),"") -> 35 | O64: =IFERROR(VLOOKUP(G64,Classifica!$C$2:$R$131,16,FALSE),"") -> 4 | P64: =IFERROR(MID(INDEX(Classifica!M:M, MATCH(G64, Classifica!C:C, 0)), 1, 1), "") -> W | Q64: =IFERROR(MID(INDEX(Classifica!M:M, MATCH(G64, Classifica!C:C, 0)), 3, 1), "") -> W | R64: =IFERROR(MID(INDEX(Classifica!M:M, MATCH(G64, Classifica!C:C, 0)), 5, 1), "") -> L | S64: =IFERROR(MID(INDEX(Classifica!M:M, MATCH(G64, Classifica!C:C, 0)), 7, 1), "") -> L | T64: =IFERROR(MID(INDEX(Classifica!M:M, MATCH(G64, Classifica!C:C, 0)), 9, 1), "") -> L | U64: =IFERROR(IF(P64="","",COUNTIF(P64:T64,"W")*20+COUNTIF(P64:T64,"D")*7),"") -> 40 | W64: =COUNTIFS(Partite!AE:AE,1,Partite!Q:Q,Palinsesto!G64)+COUNTIFS(Partite!AE:AE,1,Partite!S:S,Palinsesto!G64) -> 0 | Y64: =INDEX(AD$4:AF$4, MATCH(MAX(AD64:AF64), AD64:AF64, 0)) -> 0-2 | Z64: =IFERROR(INT((LARGE(AD64:AF64,1)/SUM(H64:J64))*100),"") -> 87 | AA64: =COUNTIFS(Partite!AL:AL,1,Partite!Q:Q,Palinsesto!G64)+COUNTIFS(Partite!AL:AL,1,Partite!S:S,Palinsesto!G64) -> 0 | AD64: =COUNTIFS(Partite!T:T,1,Partite!G:G,Palinsesto!G64)+COUNTIFS(Partite!W:W,1,Partite!I:I,Palinsesto!G64) -> 21 | AE64: =COUNTIFS(Partite!U:U,1,Partite!H:H,G64)+COUNTIFS(Partite!X:X,1,Partite!J:J,G64) -> 0 | AF64: =COUNTIFS(Partite!V:V,1,Partite!I:I,G64)+COUNTIFS(Partite!Y:Y,1,Partite!K:K,G64) -> 7

Sheet Partite
A1: 1 | B1: Campionato | C1: Turno | D1: Sat | E1: Data | F1: Ora | G1: Squadra Casa | H1: Risultati | I1: Squadra Ospite | J1: 4015 | K1: Stora Valla | L1: Fredrik Klitte | M1: Match Report | N1: Gol Casa | O1: Gol Ospite | P1: Totale | Q1: 12 | R1: Under 4,5 | S1: 12+under 4,5 | T1: 0-2 Casa | U1: 1-3 Casa | V1: 2-5 Casa | W1: 0-2 Ospiti | X1: 1-3 Ospiti | Y1: 2-5 Ospiti | Z1: Over 1,5
A2: =A1+1 -> 2 | B2: J1 League | C2: 1 | D2: Fri | E2: 2025-02-14 | F2: 19:00 (11:00) | G2: Gamba Osaka | H2: 2–5 | I2: Cerezo Osaka | J2: 34860 | K2: Panasonic Stadium Suita | L2: Hiroyuki Kimura | M2: Match Report | N2: =VALUE(LEFT(H2,1)) -> 2 | O2: =VALUE(RIGHT(H2,1)) -> 5 | P2: =SUM(N2,O2) -> 7 | Q2: =IF(N2<>O2, 1, 0) -> 1 | R2: =IF(P2<=4,1,0) -> 0 | S2: =IF(AND(Q2=1,R2=1),1,0) -> 0 | T2: =IF(N2<=2,1,0) -> 1 | U2: =IF(AND(N2>=1,N2<=3),1,0) -> 1 | V2: =IF(AND(N2>=2,N2<=5),1,0) -> 1 | W2: =IF(O2<=2,1,0) -> 0 | X2: =IF(AND(O2>=1,O2<=3),1,0) -> 0 | Y2: =IF(AND(O2>=2,O2<=5),1,0) -> 1 | Z2: =IF(P2>=2,1,0) -> 1
A3: =A2+1 -> 3 | B3: J1 League | C3: 1 | D3: Sat | E3: 2025-02-15 | F3: 14:00 (06:00) | G3: Yokohama FC | H3: 0–1 | I3: FC Tokyo | J3: 12195 | K3: NHK Spring Mitsuzawa Football Stadium | L3: Atsushi Kamimura | M3: Match Report | N3: =VALUE(LEFT(H3,1)) -> 0 | O3: =VALUE(RIGHT(H3,1)) -> 1 | P3: =SUM(N3,O3) -> 1 | Q3: =IF(N3<>O3, 1, 0) -> 1 | R3: =IF(P3<=4,1,0) -> 1 | S3: =IF(AND(Q3=1,R3=1),1,0) -> 1 | T3: =IF(N3<=2,1,0) -> 1 | U3: =IF(AND(N3>=1,N3<=3),1,0) -> 0 | V3: =IF(AND(N3>=2,N3<=5),1,0) -> 0 | W3: =IF(O3<=2,1,0) -> 1 | X3: =IF(AND(O3>=1,O3<=3),1,0) -> 1 | Y3: =IF(AND(O3>=2,O3<=5),1,0) -> 0 | Z3: =IF(P3>=2,1,0) -> 0
A4: =A3+1 -> 4 | B4: J1 League | C4: 1 | D4: Sat | E4: 2025-02-15 | F4: 14:00 (06:00) | G4: Yokohama F.M. | H4: 1–1 | I4: Albirex Niigata | J4: 32713 | K4: Nissan Stadium | L4: Koichiro Fukushima | M4: Match Report | N4: =VALUE(LEFT(H4,1)) -> 1 | O4: =VALUE(RIGHT(H4,1)) -> 1 | P4: =SUM(N4,O4) -> 2 | Q4: =IF(N4<>O4, 1, 0) -> 0 | R4: =IF(P4<=4,1,0) -> 1 | S4: =IF(AND(Q4=1,R4=1),1,0) -> 0 | T4: =IF(N4<=2,1,0) -> 1 | U4: =IF(AND(N4>=1,N4<=3),1,0) -> 1 | V4: =IF(AND(N4>=2,N4<=5),1,0) -> 0 | W4: =IF(O4<=2,1,0) -> 1 | X4: =IF(AND(O4>=1,O4<=3),1,0) -> 1 | Y4: =IF(AND(O4>=2,O4<=5),1,0) -> 0 | Z4: =IF(P4>=2,1,0) -> 1
A5: =A4+1 -> 5 | B5: J1 League | C5: 1 | D5: Sat | E5: 2025-02-15 | F5: 14:00 (06:00) | G5: Vissel Kobe | H5: 0–0 | I5: Urawa Reds | J5: 22266 | K5: NOEVIR Stadium Kobe | L5: Yūsuke Araki | M5: Match Report | N5: =VALUE(LEFT(H5,1)) -> 0 | O5: =VALUE(RIGHT(H5,1)) -> 0 | P5: =SUM(N5,O5) -> 0 | Q5: =IF(N5<>O5, 1, 0) -> 0 | R5: =IF(P5<=4,1,0) -> 1 | S5: =IF(AND(Q5=1,R5=1),1,0) -> 0 | T5: =IF(N5<=2,1,0) -> 1 | U5: =IF(AND(N5>=1,N5<=3),1,0) -> 0 | V5: =IF(AND(N5>=2,N5<=5),1,0) -> 0 | W5: =IF(O5<=2,1,0) -> 1 | X5: =IF(AND(O5>=1,O5<=3),1,0) -> 0 | Y5: =IF(AND(O5>=2,O5<=5),1,0) -> 0 | Z5: =IF(P5>=2,1,0) -> 0
A6: =A5+1 -> 6 | B6: J1 League | C6: 1 | D6: Sat | E6: 2025-02-15 | F6: 14:00 (06:00) | G6: Avispa Fukuoka | H6: 0–1 | I6: Kashiwa Reysol | J6: 9923 | K6: Best Denki Stadium | L6: Kōei Koya | M6: Match Report | N6: =VALUE(LEFT(H6,1)) -> 0 | O6: =VALUE(RIGHT(H6,1)) -> 1 | P6: =SUM(N6,O6) -> 1 | Q6: =IF(N6<>O6, 1, 0) -> 1 | R6: =IF(P6<=4,1,0) -> 1 | S6: =IF(AND(Q6=1,R6=1),1,0) -> 1 | T6: =IF(N6<=2,1,0) -> 1 | U6: =IF(AND(N6>=1,N6<=3),1,0) -> 0 | V6: =IF(AND(N6>=2,N6<=5),1,0) -> 0 | W6: =IF(O6<=2,1,0) -> 1 | X6: =IF(AND(O6>=1,O6<=3),1,0) -> 1 | Y6: =IF(AND(O6>=2,O6<=5),1,0) -> 0 | Z6: =IF(P6>=2,1,0) -> 0
A7: =A6+1 -> 7 | B7: J1 League | C7: 1 | D7: Sat | E7: 2025-02-15 | F7: 14:00 (06:00) | G7: F. Okayama | H7: 2–0 | I7: Kyoto Sanga | J7: 14575 | K7: JFE Sunny Country Stadium | L7: Takafumi Mikuriya | M7: Match Report | N7: =VALUE(LEFT(H7,1)) -> 2 | O7: =VALUE(RIGHT(H7,1)) -> 0 | P7: =SUM(N7,O7) -> 2 | Q7: =IF(N7<>O7, 1, 0) -> 1 | R7: =IF(P7<=4,1,0) -> 1 | S7: =IF(AND(Q7=1,R7=1),1,0) -> 1 | T7: =IF(N7<=2,1,0) -> 1 | U7: =IF(AND(N7>=1,N7<=3),1,0) -> 1 | V7: =IF(AND(N7>=2,N7<=5),1,0) -> 1 | W7: =IF(O7<=2,1,0) -> 1 | X7: =IF(AND(O7>=1,O7<=3),1,0) -> 0 | Y7: =IF(AND(O7>=2,O7<=5),1,0) -> 0 | Z7: =IF(P7>=2,1,0) -> 1
A8: =A7+1 -> 8 | B8: J1 League | C8: 1 | D8: Sat | E8: 2025-02-15 | F8: 15:00 (07:00) | G8: Kawasaki F. | H8: 4–0 | I8: Grampus | J8: 23005 | K8: Kawasaki Todoroki Stadium | L8: Koji Takasaki | M8: Match Report | N8: =VALUE(LEFT(H8,1)) -> 4 | O8: =VALUE(RIGHT(H8,1)) -> 0 | P8: =SUM(N8,O8) -> 4 | Q8: =IF(N8<>O8, 1, 0) -> 1 | R8: =IF(P8<=4,1,0) -> 1 | S8: =IF(AND(Q8=1,R8=1),1,0) -> 1 | T8: =IF(N8<=2,1,0) -> 0 | U8: =IF(AND(N8>=1,N8<=3),1,0) -> 0 | V8: =IF(AND(N8>=2,N8<=5),1,0) -> 1 | W8: =IF(O8<=2,1,0) -> 1 | X8: =IF(AND(O8>=1,O8<=3),1,0) -> 0 | Y8: =IF(AND(O8>=2,O8<=5),1,0) -> 0 | Z8: =IF(P8>=2,1,0) -> 1
A9: =A8+1 -> 9 | B9: J1 League | C9: 1 | D9: Sat | E9: 2025-02-15 | F9: 15:00 (07:00) | G9: Shonan Bellmare | H9: 1–0 | I9: Kashima Antlers | J9: 13025 | K9: Lemon Gas Stadium Hiratsuka | L9: Masuya Ueda | M9: Match Report | N9: =VALUE(LEFT(H9,1)) -> 1 | O9: =VALUE(RIGHT(H9,1)) -> 0 | P9: =SUM(N9,O9) -> 1 | Q9: =IF(N9<>O9, 1, 0) -> 1 | R9: =IF(P9<=4,1,0) -> 1 | S9: =IF(AND(Q9=1,R9=1),1,0) -> 1 | T9: =IF(N9<=2,1,0) -> 1 | U9: =IF(AND(N9>=1,N9<=3),1,0) -> 1 | V9: =IF(AND(N9>=2,N9<=5),1,0) -> 0 | W9: =IF(O9<=2,1,0) -> 1 | X9: =IF(AND(O9>=1,O9<=3),1,0) -> 0 | Y9: =IF(AND(O9>=2,O9<=5),1,0) -> 0 | Z9: =IF(P9>=2,1,0) -> 0
A10: =A9+1 -> 10 | B10: J1 League | C10: 1 | D10: Sun | E10: 2025-02-16 | F10: 14:00 (06:00) | G10: Tokyo Verdy | H10: 0–1 | I10: Shimizu S-Pulse | J10: 52541 | K10: Japan National Stadium | L10: Futoshi Nakamura | M10: Match Report | N10: =VALUE(LEFT(H10,1)) -> 0 | O10: =VALUE(RIGHT(H10,1)) -> 1 | P10: =SUM(N10,O10) -> 1 | Q10: =IF(N10<>O10, 1, 0) -> 1 | R10: =IF(P10<=4,1,0) -> 1 | S10: =IF(AND(Q10=1,R10=1),1,0) -> 1 | T10: =IF(N10<=2,1,0) -> 1 | U10: =IF(AND(N10>=1,N10<=3),1,0) -> 0 | V10: =IF(AND(N10>=2,N10<=5),1,0) -> 0 | W10: =IF(O10<=2,1,0) -> 1 | X10: =IF(AND(O10>=1,O10<=3),1,0) -> 1 | Y10: =IF(AND(O10>=2,O10<=5),1,0) -> 0 | Z10: =IF(P10>=2,1,0) -> 0
A11: =A10+1 -> 11 | B11: J1 League | C11: 1 | D11: Sun | E11: 2025-02-16 | F11: 14:00 (06:00) | G11: Machida Zelvia | H11: 1–2 | I11: Sanf. Hiroshima | J11: 12773 | K11: Machida GION Stadium | L11: Yudai Yamamoto | M11: Match Report | N11: =VALUE(LEFT(H11,1)) -> 1 | O11: =VALUE(RIGHT(H11,1)) -> 2 | P11: =SUM(N11,O11) -> 3 | Q11: =IF(N11<>O11, 1, 0) -> 1 | R11: =IF(P11<=4,1,0) -> 1 | S11: =IF(AND(Q11=1,R11=1),1,0) -> 1 | T11: =IF(N11<=2,1,0) -> 1 | U11: =IF(AND(N11>=1,N11<=3),1,0) -> 1 | V11: =IF(AND(N11>=2,N11<=5),1,0) -> 0 | W11: =IF(O11<=2,1,0) -> 1 | X11: =IF(AND(O11>=1,O11<=3),1,0) -> 1 | Y11: =IF(AND(O11>=2,O11<=5),1,0) -> 1 | Z11: =IF(P11>=2,1,0) -> 1
A12: =A11+1 -> 12 | B12: J1 League | C12: 2 | D12: Sat | E12: 2025-02-22 | F12: 14:00 (06:00) | G12: Shimizu S-Pulse | H12: 2–0 | I12: Albirex Niigata | J12: 18141 | K12: IAI Stadium Nihondaira | L12: Koji Takasaki | M12: Match Report | N12: =VALUE(LEFT(H12,1)) -> 2 | O12: =VALUE(RIGHT(H12,1)) -> 0 | P12: =SUM(N12,O12) -> 2 | Q12: =IF(N12<>O12, 1, 0) -> 1 | R12: =IF(P12<=4,1,0) -> 1 | S12: =IF(AND(Q12=1,R12=1),1,0) -> 1 | T12: =IF(N12<=2,1,0) -> 1 | U12: =IF(AND(N12>=1,N12<=3),1,0) -> 1 | V12: =IF(AND(N12>=2,N12<=5),1,0) -> 1 | W12: =IF(O12<=2,1,0) -> 1 | X12: =IF(AND(O12>=1,O12<=3),1,0) -> 0 | Y12: =IF(AND(O12>=2,O12<=5),1,0) -> 0 | Z12: =IF(P12>=2,1,0) -> 1
A13: =A12+1 -> 13 | B13: J1 League | C13: 2 | D13: Sat | E13: 2025-02-22 | F13: 14:00 (06:00) | G13: Grampus | H13: 2–2 | I13: Vissel Kobe | J13: 31088 | K13: Toyota Stadium | L13: Hiroyuki Kimura | M13: Match Report | N13: =VALUE(LEFT(H13,1)) -> 2 | O13: =VALUE(RIGHT(H13,1)) -> 2 | P13: =SUM(N13,O13) -> 4 | Q13: =IF(N13<>O13, 1, 0) -> 0 | R13: =IF(P13<=4,1,0) -> 1 | S13: =IF(AND(Q13=1,R13=1),1,0) -> 0 | T13: =IF(N13<=2,1,0) -> 1 | U13: =IF(AND(N13>=1,N13<=3),1,0) -> 1 | V13: =IF(AND(N13>=2,N13<=5),1,0) -> 1 | W13: =IF(O13<=2,1,0) -> 1 | X13: =IF(AND(O13>=1,O13<=3),1,0) -> 1 | Y13: =IF(AND(O13>=2,O13<=5),1,0) -> 1 | Z13: =IF(P13>=2,1,0) -> 1
... A387: =A386+1 -> 387 | B387: Ireland Premier Division | C387: 2 | D387: Fri | E387: 2026-02-13 | F387: 20:00 (21:00) | G387: Drogheda United | H387: 2–0 | I387: Waterford United | J387: 2103 | K387: Sullivan and Lambe Park | L387: Aaron O'Dowd | M387: Match Report | N387: =VALUE(LEFT(H387,1)) -> 2 | O387: =VALUE(RIGHT(H387,1)) -> 0 | P387: =SUM(N387,O387) -> 2 | Q387: =IF(N387<>O387, 1, 0) -> 1 | R387: =IF(P387<=4,1,0) -> 1 | S387: =IF(AND(Q387=1,R387=1),1,0) -> 1 | T387: =IF(N387<=2,1,0) -> 1 | U387: =IF(AND(N387>=1,N387<=3),1,0) -> 1 | V387: =IF(AND(N387>=2,N387<=5),1,0) -> 1 | W387: =IF(O387<=2,1,0) -> 1 | X387: =IF(AND(O387>=1,O387<=3),1,0) -> 0 | Y387: =IF(AND(O387>=2,O387<=5),1,0) -> 0 | Z387: =IF(P387>=2,1,0) -> 1
A388: =A387+1 -> 388 | B388: Ireland Premier Division | C388: 2 | D388: Sat | E388: 2026-02-14 | F388: 19:45 (20:45) | G388: Sligo Rovers | H388: 0–4 | I388: Bohemian FC | K388: The Showgrounds | L388: Alan Patchell | M388: Match Report | N388: =VALUE(LEFT(H388,1)) -> 0 | O388: =VALUE(RIGHT(H388,1)) -> 4 | P388: =SUM(N388,O388) -> 4 | Q388: =IF(N388<>O388, 1, 0) -> 1 | R388: =IF(P388<=4,1,0) -> 1 | S388: =IF(AND(Q388=1,R388=1),1,0) -> 1 | T388: =IF(N388<=2,1,0) -> 1 | U388: =IF(AND(N388>=1,N388<=3),1,0) -> 0 | V388: =IF(AND(N388>=2,N388<=5),1,0) -> 0 | W388: =IF(O388<=2,1,0) -> 0 | X388: =IF(AND(O388>=1,O388<=3),1,0) -> 0 | Y388: =IF(AND(O388>=2,O388<=5),1,0) -> 1 | Z388: =IF(P388>=2,1,0) -> 1
A389: =A388+1 -> 389 | B389: Ireland Premier Division | C389: 3 | D389: Fri | E389: 2026-02-20 | F389: 19:45 (20:45) | G389: Derry City | H389: 0–1 | I389: Bohemian FC | J389: 4434 | K389: The Ryan McBride Brandywell Stadium | L389: Marc Lynch | M389: Match Report | N389: =VALUE(LEFT(H389,1)) -> 0 | O389: =VALUE(RIGHT(H389,1)) -> 1 | P389: =SUM(N389,O389) -> 1 | Q389: =IF(N389<>O389, 1, 0) -> 1 | R389: =IF(P389<=4,1,0) -> 1 | S389: =IF(AND(Q389=1,R389=1),1,0) -> 1 | T389: =IF(N389<=2,1,0) -> 1 | U389: =IF(AND(N389>=1,N389<=3),1,0) -> 0 | V389: =IF(AND(N389>=2,N389<=5),1,0) -> 0 | W389: =IF(O389<=2,1,0) -> 1 | X389: =IF(AND(O389>=1,O389<=3),1,0) -> 1 | Y389: =IF(AND(O389>=2,O389<=5),1,0) -> 0 | Z389: =IF(P389>=2,1,0) -> 0
A390: =A389+1 -> 390 | B390: Ireland Premier Division | C390: 3 | D390: Fri | E390: 2026-02-20 | F390: 19:45 (20:45) | G390: Shelbourne FC | H390: 1–1 | I390: Galway United | J390: 4052 | K390: Tolka Park | L390: Kevin O'Sullivan | M390: Match Report | N390: =VALUE(LEFT(H390,1)) -> 1 | O390: =VALUE(RIGHT(H390,1)) -> 1 | P390: =SUM(N390,O390) -> 2 | Q390: =IF(N390<>O390, 1, 0) -> 0 | R390: =IF(P390<=4,1,0) -> 1 | S390: =IF(AND(Q390=1,R390=1),1,0) -> 0 | T390: =IF(N390<=2,1,0) -> 1 | U390: =IF(AND(N390>=1,N390<=3),1,0) -> 1 | V390: =IF(AND(N390>=2,N390<=5),1,0) -> 0 | W390: =IF(O390<=2,1,0) -> 1 | X390: =IF(AND(O390>=1,O390<=3),1,0) -> 1 | Y390: =IF(AND(O390>=2,O390<=5),1,0) -> 0 | Z390: =IF(P390>=2,1,0) -> 1
A391: =A390+1 -> 391 | B391: Ireland Premier Division | C391: 3 | D391: Fri | E391: 2026-02-20 | F391: 19:45 (20:45) | G391: Waterford United | H391: 0–0 | I391: Sligo Rovers | J391: 2132 | K391: Waterford Regional Sports Centre | L391: Daniel Murphy | M391: Match Report | N391: =VALUE(LEFT(H391,1)) -> 0 | O391: =VALUE(RIGHT(H391,1)) -> 0 | P391: =SUM(N391,O391) -> 0 | Q391: =IF(N391<>O391, 1, 0) -> 0 | R391: =IF(P391<=4,1,0) -> 1 | S391: =IF(AND(Q391=1,R391=1),1,0) -> 0 | T391: =IF(N391<=2,1,0) -> 1 | U391: =IF(AND(N391>=1,N391<=3),1,0) -> 0 | V391: =IF(AND(N391>=2,N391<=5),1,0) -> 0 | W391: =IF(O391<=2,1,0) -> 1 | X391: =IF(AND(O391>=1,O391<=3),1,0) -> 0 | Y391: =IF(AND(O391>=2,O391<=5),1,0) -> 0 | Z391: =IF(P391>=2,1,0) -> 0
A392: =A391+1 -> 392 | B392: Ireland Premier Division | C392: 3 | D392: Fri | E392: 2026-02-20 | F392: 20:00 (21:00) | G392: Dundalk FC | H392: 1–1 | I392: Drogheda United | J392: 3819 | K392: Oriel Park | L392: Rob Hennessy | M392: Match Report | N392: =VALUE(LEFT(H392,1)) -> 1 | O392: =VALUE(RIGHT(H392,1)) -> 1 | P392: =SUM(N392,O392) -> 2 | Q392: =IF(N392<>O392, 1, 0) -> 0 | R392: =IF(P392<=4,1,0) -> 1 | S392: =IF(AND(Q392=1,R392=1),1,0) -> 0 | T392: =IF(N392<=2,1,0) -> 1 | U392: =IF(AND(N392>=1,N392<=3),1,0) -> 1 | V392: =IF(AND(N392>=2,N392<=5),1,0) -> 0 | W392: =IF(O392<=2,1,0) -> 1 | X392: =IF(AND(O392>=1,O392<=3),1,0) -> 1 | Y392: =IF(AND(O392>=2,O392<=5),1,0) -> 0 | Z392: =IF(P392>=2,1,0) -> 1
A393: =A392+1 -> 393 | B393: Ireland Premier Division | C393: 3 | D393: Fri | E393: 2026-02-20 | F393: 20:00 (21:00) | G393: Shamrock | H393: 2–0 | I393: St Patrick's | J393: 7573 | K393: Tallaght Stadium | L393: Robert Harvey | M393: Match Report | N393: =VALUE(LEFT(H393,1)) -> 2 | O393: =VALUE(RIGHT(H393,1)) -> 0 | P393: =SUM(N393,O393) -> 2 | Q393: =IF(N393<>O393, 1, 0) -> 1 | R393: =IF(P393<=4,1,0) -> 1 | S393: =IF(AND(Q393=1,R393=1),1,0) -> 1 | T393: =IF(N393<=2,1,0) -> 1 | U393: =IF(AND(N393>=1,N393<=3),1,0) -> 1 | V393: =IF(AND(N393>=2,N393<=5),1,0) -> 1 | W393: =IF(O393<=2,1,0) -> 1 | X393: =IF(AND(O393>=1,O393<=3),1,0) -> 0 | Y393: =IF(AND(O393>=2,O393<=5),1,0) -> 0 | Z393: =IF(P393>=2,1,0) -> 1
A394: =A393+1 -> 394 | B394: Ireland Premier Division | C394: 1 | D394: Mon | E394: 2026-02-23 | F394: 20:00 (21:00) | G394: Shamrock | H394: 1–1 | I394: Dundalk FC | J394: 4352 | K394: Tallaght Stadium | L394: Aaron O'Dowd | M394: Match Report | N394: =VALUE(LEFT(H394,1)) -> 1 | O394: =VALUE(RIGHT(H394,1)) -> 1 | P394: =SUM(N394,O394) -> 2 | Q394: =IF(N394<>O394, 1, 0) -> 0 | R394: =IF(P394<=4,1,0) -> 1 | S394: =IF(AND(Q394=1,R394=1),1,0) -> 0 | T394: =IF(N394<=2,1,0) -> 1 | U394: =IF(AND(N394>=1,N394<=3),1,0) -> 1 | V394: =IF(AND(N394>=2,N394<=5),1,0) -> 0 | W394: =IF(O394<=2,1,0) -> 1 | X394: =IF(AND(O394>=1,O394<=3),1,0) -> 1 | Y394: =IF(AND(O394>=2,O394<=5),1,0) -> 0 | Z394: =IF(P394>=2,1,0) -> 1
A395: =A394+1 -> 395 | B395: Ireland Premier Division | C395: 4 | D395: Fri | E395: 2026-02-27 | F395: 19:45 (20:45) | G395: Drogheda United | H395: 1–2 | I395: Shelbourne FC | J395: 2520 | K395: Sullivan and Lambe Park | L395: Robert Harvey | M395: Match Report | N395: =VALUE(LEFT(H395,1)) -> 1 | O395: =VALUE(RIGHT(H395,1)) -> 2 | P395: =SUM(N395,O395) -> 3 | Q395: =IF(N395<>O395, 1, 0) -> 1 | R395: =IF(P395<=4,1,0) -> 1 | S395: =IF(AND(Q395=1,R395=1),1,0) -> 1 | T395: =IF(N395<=2,1,0) -> 1 | U395: =IF(AND(N395>=1,N395<=3),1,0) -> 1 | V395: =IF(AND(N395>=2,N395<=5),1,0) -> 0 | W395: =IF(O395<=2,1,0) -> 1 | X395: =IF(AND(O395>=1,O395<=3),1,0) -> 1 | Y395: =IF(AND(O395>=2,O395<=5),1,0) -> 1 | Z395: =IF(P395>=2,1,0) -> 1
A396: =A395+1 -> 396 | B396: Ireland Premier Division | C396: 4 | D396: Fri | E396: 2026-02-27 | F396: 19:45 (20:45) | G396: St Patrick's | H396: 4–0 | I396: Dundalk FC | J396: 4427 | K396: Richmond Park | L396: Lucas Keating | M396: Match Report | N396: =VALUE(LEFT(H396,1)) -> 4 | O396: =VALUE(RIGHT(H396,1)) -> 0 | P396: =SUM(N396,O396) -> 4 | Q396: =IF(N396<>O396, 1, 0) -> 1 | R396: =IF(P396<=4,1,0) -> 1 | S396: =IF(AND(Q396=1,R396=1),1,0) -> 1 | T396: =IF(N396<=2,1,0) -> 0 | U396: =IF(AND(N396>=1,N396<=3),1,0) -> 0 | V396: =IF(AND(N396>=2,N396<=5),1,0) -> 1 | W396: =IF(O396<=2,1,0) -> 1 | X396: =IF(AND(O396>=1,O396<=3),1,0) -> 0 | Y396: =IF(AND(O396>=2,O396<=5),1,0) -> 0 | Z396: =IF(P396>=2,1,0) -> 1
A397: =A396+1 -> 397 | B397: Ireland Premier Division | C397: 4 | D397: Fri | E397: 2026-02-27 | F397: 19:45 (20:45) | G397: Derry City | H397: 4–2 | I397: Waterford United | J397: 3413 | K397: The Ryan McBride Brandywell Stadium | L397: Paul Norton | M397: Match Report | N397: =VALUE(LEFT(H397,1)) -> 4 | O397: =VALUE(RIGHT(H397,1)) -> 2 | P397: =SUM(N397,O397) -> 6 | Q397: =IF(N397<>O397, 1, 0) -> 1 | R397: =IF(P397<=4,1,0) -> 0 | S397: =IF(AND(Q397=1,R397=1),1,0) -> 0 | T397: =IF(N397<=2,1,0) -> 0 | U397: =IF(AND(N397>=1,N397<=3),1,0) -> 0 | V397: =IF(AND(N397>=2,N397<=5),1,0) -> 1 | W397: =IF(O397<=2,1,0) -> 1 | X397: =IF(AND(O397>=1,O397<=3),1,0) -> 1 | Y397: =IF(AND(O397>=2,O397<=5),1,0) -> 1 | Z397: =IF(P397>=2,1,0) -> 1
A398: =A397+1 -> 398 | B398: Ireland Premier Division | C398: 4 | D398: Fri | E398: 2026-02-27 | F398: 19:45 (20:45) | G398: Galway United | H398: 1–0 | I398: Sligo Rovers | J398: 3456 | K398: Deacy Park | L398: Rob Hennessy | M398: Match Report | N398: =VALUE(LEFT(H398,1)) -> 1 | O398: =VALUE(RIGHT(H398,1)) -> 0 | P398: =SUM(N398,O398) -> 1 | Q398: =IF(N398<>O398, 1, 0) -> 1 | R398: =IF(P398<=4,1,0) -> 1 | S398: =IF(AND(Q398=1,R398=1),1,0) -> 1 | T398: =IF(N398<=2,1,0) -> 1 | U398: =IF(AND(N398>=1,N398<=3),1,0) -> 1 | V398: =IF(AND(N398>=2,N398<=5),1,0) -> 0 | W398: =IF(O398<=2,1,0) -> 1 | X398: =IF(AND(O398>=1,O398<=3),1,0) -> 0 | Y398: =IF(AND(O398>=2,O398<=5),1,0) -> 0 | Z398: =IF(P398>=2,1,0) -> 0
A399: =A398+1 -> 399 | B399: Ireland Premier Division | C399: 4 | D399: Fri | E399: 2026-02-27 | F399: 20:00 (21:00) | G399: Bohemian FC | H399: 3–2 | I399: Shamrock | J399: 4442 | K399: Dalymount Park | L399: Neil Doyle | M399: Match Report | N399: =VALUE(LEFT(H399,1)) -> 3 | O399: =VALUE(RIGHT(H399,1)) -> 2 | P399: =SUM(N399,O399) -> 5 | Q399: =IF(N399<>O399, 1, 0) -> 1 | R399: =IF(P399<=4,1,0) -> 0 | S399: =IF(AND(Q399=1,R399=1),1,0) -> 0 | T399: =IF(N399<=2,1,0) -> 0 | U399: =IF(AND(N399>=1,N399<=3),1,0) -> 1 | V399: =IF(AND(N399>=2,N399<=5),1,0) -> 1 | W399: =IF(O399<=2,1,0) -> 1 | X399: =IF(AND(O399>=1,O399<=3),1,0) -> 1 | Y399: =IF(AND(O399>=2,O399<=5),1,0) -> 1 | Z399: =IF(P399>=2,1,0) -> 1
A400: =A399+1 -> 400 | B400: K League 1 | C400: 1 | D400: Sat | E400: 2026-02-28 | F400: 14:00 (06:00) | G400: Incheon United | H400: 1–2 | I400: FC Seoul | J400: 18108 | K400: Sungui Arena Park | L400: Lee Dongjun | M400: Match Report | N400: =VALUE(LEFT(H400,1)) -> 1 | O400: =VALUE(RIGHT(H400,1)) -> 2 | P400: =SUM(N400,O400) -> 3 | Q400: =IF(N400<>O400, 1, 0) -> 1 | R400: =IF(P400<=4,1,0) -> 1 | S400: =IF(AND(Q400=1,R400=1),1,0) -> 1 | T400: =IF(N400<=2,1,0) -> 1 | U400: =IF(AND(N400>=1,N400<=3),1,0) -> 1 | V400: =IF(AND(N400>=2,N400<=5),1,0) -> 0 | W400: =IF(O400<=2,1,0) -> 1 | X400: =IF(AND(O400>=1,O400<=3),1,0) -> 1 | Y400: =IF(AND(O400>=2,O400<=5),1,0) -> 1 | Z400: =IF(P400>=2,1,0) -> 1
... A411: =A410+1 -> 411 | B411: Ireland Premier Division | C411: 5 | D411: Fri | E411: 2026-03-06 | F411: 20:00 (21:00) | G411: Shelbourne FC | H411: 2–3 | I411: St Patrick's | J411: 5090 | K411: Tolka Park | L411: Paul Norton | M411: Match Report | N411: =VALUE(LEFT(H411,1)) -> 2 | O411: =VALUE(RIGHT(H411,1)) -> 3 | P411: =SUM(N411,O411) -> 5 | Q411: =IF(N411<>O411, 1, 0) -> 1 | R411: =IF(P411<=4,1,0) -> 0 | S411: =IF(AND(Q411=1,R411=1),1,0) -> 0 | T411: =IF(N411<=2,1,0) -> 1 | U411: =IF(AND(N411>=1,N411<=3),1,0) -> 1 | V411: =IF(AND(N411>=2,N411<=5),1,0) -> 1 | W411: =IF(O411<=2,1,0) -> 0 | X411: =IF(AND(O411>=1,O411<=3),1,0) -> 1 | Y411: =IF(AND(O411>=2,O411<=5),1,0) -> 1 | Z411: =IF(P411>=2,1,0) -> 1
A412: =A411+1 -> 412 | B412: Ireland Premier Division | C412: 5 | D412: Sat | E412: 2026-03-07 | F412: 19:45 (20:45) | G412: Sligo Rovers | H412: 2–1 | I412: Drogheda United | K412: The Showgrounds | L412: Oliver Moran | M412: Match Report | N412: =VALUE(LEFT(H412,1)) -> 2 | O412: =VALUE(RIGHT(H412,1)) -> 1 | P412: =SUM(N412,O412) -> 3 | Q412: =IF(N412<>O412, 1, 0) -> 1 | R412: =IF(P412<=4,1,0) -> 1 | S412: =IF(AND(Q412=1,R412=1),1,0) -> 1 | T412: =IF(N412<=2,1,0) -> 1 | U412: =IF(AND(N412>=1,N412<=3),1,0) -> 1 | V412: =IF(AND(N412>=2,N412<=5),1,0) -> 1 | W412: =IF(O412<=2,1,0) -> 1 | X412: =IF(AND(O412>=1,O412<=3),1,0) -> 1 | Y412: =IF(AND(O412>=2,O412<=5),1,0) -> 0 | Z412: =IF(P412>=2,1,0) -> 1
A413: =A412+1 -> 413 | B413: Chinese Super League | C413: 1 | D413: Sat | E413: 2026-03-07 | F413: 15:30 (08:30) | G413: SD Taishan | H413: 3–0 | I413: Shenyang Urban | J413: 30519 | K413: Jinan Olympic Sports Center Stadium | L413: Zhang Lei | M413: Match Report | N413: =VALUE(LEFT(H413,1)) -> 3 | O413: =VALUE(RIGHT(H413,1)) -> 0 | P413: =SUM(N413,O413) -> 3 | Q413: =IF(N413<>O413, 1, 0) -> 1 | R413: =IF(P413<=4,1,0) -> 1 | S413: =IF(AND(Q413=1,R413=1),1,0) -> 1 | T413: =IF(N413<=2,1,0) -> 0 | U413: =IF(AND(N413>=1,N413<=3),1,0) -> 1 | V413: =IF(AND(N413>=2,N413<=5),1,0) -> 1 | W413: =IF(O413<=2,1,0) -> 1 | X413: =IF(AND(O413>=1,O413<=3),1,0) -> 0 | Y413: =IF(AND(O413>=2,O413<=5),1,0) -> 0 | Z413: =IF(P413>=2,1,0) -> 1
A414: =A413+1 -> 414 | B414: Chinese Super League | C414: 1 | D414: Sat | E414: 2026-03-07 | F414: 15:30 (08:30) | G414: Jinmen Tiger | H414: 0–0 | I414: Chongqing | J414: 25081 | K414: TEDA Football Stadium | L414: Danao Shan | M414: Match Report | N414: =VALUE(LEFT(H414,1)) -> 0 | O414: =VALUE(RIGHT(H414,1)) -> 0 | P414: =SUM(N414,O414) -> 0 | Q414: =IF(N414<>O414, 1, 0) -> 0 | R414: =IF(P414<=4,1,0) -> 1 | S414: =IF(AND(Q414=1,R414=1),1,0) -> 0 | T414: =IF(N414<=2,1,0) -> 1 | U414: =IF(AND(N414>=1,N414<=3),1,0) -> 0 | V414: =IF(AND(N414>=2,N414<=5),1,0) -> 0 | W414: =IF(O414<=2,1,0) -> 1 | X414: =IF(AND(O414>=1,O414<=3),1,0) -> 0 | Y414: =IF(AND(O414>=2,O414<=5),1,0) -> 0 | Z414: =IF(P414>=2,1,0) -> 0
A415: =A414+1 -> 415 | B415: Chinese Super League | C415: 1 | D415: Sat | E415: 2026-03-07 | F415: 17:00 (10:00) | G415: Shanghai Shen | H415: 5–3 | I415: Dalian Yingbo | J415: 42193 | K415: Shanghai Stadium | L415: Yige Dai | M415: Match Report | N415: =VALUE(LEFT(H415,1)) -> 5 | O415: =VALUE(RIGHT(H415,1)) -> 3 | P415: =SUM(N415,O415) -> 8 | Q415: =IF(N415<>O415, 1, 0) -> 1 | R415: =IF(P415<=4,1,0) -> 0 | S415: =IF(AND(Q415=1,R415=1),1,0) -> 0 | T415: =IF(N415<=2,1,0) -> 0 | U415: =IF(AND(N415>=1,N415<=3),1,0) -> 0 | V415: =IF(AND(N415>=2,N415<=5),1,0) -> 1 | W415: =IF(O415<=2,1,0) -> 0 | X415: =IF(AND(O415>=1,O415<=3),1,0) -> 1 | Y415: =IF(AND(O415>=2,O415<=5),1,0) -> 1 | Z415: =IF(P415>=2,1,0) -> 1
A416: =A415+1 -> 416 | B416: Chinese Super League | C416: 1 | D416: Sat | E416: 2026-03-07 | F416: 19:35 (12:35) | G416: Yunnan Yukun | H416: 3–1 | I416: Qingdao Hainiu | J416: 22163 | K416: Yuxi Highland Sports Center Stadium | L416: Jing Wang | M416: Match Report | N416: =VALUE(LEFT(H416,1)) -> 3 | O416: =VALUE(RIGHT(H416,1)) -> 1 | P416: =SUM(N416,O416) -> 4 | Q416: =IF(N416<>O416, 1, 0) -> 1 | R416: =IF(P416<=4,1,0) -> 1 | S416: =IF(AND(Q416=1,R416=1),1,0) -> 1 | T416: =IF(N416<=2,1,0) -> 0 | U416: =IF(AND(N416>=1,N416<=3),1,0) -> 1 | V416: =IF(AND(N416>=2,N416<=5),1,0) -> 1 | W416: =IF(O416<=2,1,0) -> 1 | X416: =IF(AND(O416>=1,O416<=3),1,0) -> 1 | Y416: =IF(AND(O416>=2,O416<=5),1,0) -> 0 | Z416: =IF(P416>=2,1,0) -> 1
A417: =A416+1 -> 417 | B417: Chinese Super League | C417: 1 | D417: Sat | E417: 2026-03-07 | F417: 19:35 (12:35) | G417: Shanghai Port | H417: 1–2 | I417: Henan | J417: 22863 | K417: SAIC Motor Pudong Arena | L417: Shunqi Tang | M417: Match Report | N417: =VALUE(LEFT(H417,1)) -> 1 | O417: =VALUE(RIGHT(H417,1)) -> 2 | P417: =SUM(N417,O417) -> 3 | Q417: =IF(N417<>O417, 1, 0) -> 1 | R417: =IF(P417<=4,1,0) -> 1 | S417: =IF(AND(Q417=1,R417=1),1,0) -> 1 | T417: =IF(N417<=2,1,0) -> 1 | U417: =IF(AND(N417>=1,N417<=3),1,0) -> 1 | V417: =IF(AND(N417>=2,N417<=5),1,0) -> 0 | W417: =IF(O417<=2,1,0) -> 1 | X417: =IF(AND(O417>=1,O417<=3),1,0) -> 1 | Y417: =IF(AND(O417>=2,O417<=5),1,0) -> 1 | Z417: =IF(P417>=2,1,0) -> 1
A418: =A417+1 -> 418 | B418: K League 1 | C418: 2 | D418: Sat | E418: 2026-03-07 | F418: 16:30 (08:30) | G418: Bucheon FC | H418: 1–1 | I418: Daejeon Hana | J418: 10224 | K418: Bucheon Stadium | L418: Chae Sanghyeop | M418: Match Report | N418: =VALUE(LEFT(H418,1)) -> 1 | O418: =VALUE(RIGHT(H418,1)) -> 1 | P418: =SUM(N418,O418) -> 2 | Q418: =IF(N418<>O418, 1, 0) -> 0 | R418: =IF(P418<=4,1,0) -> 1 | S418: =IF(AND(Q418=1,R418=1),1,0) -> 0 | T418: =IF(N418<=2,1,0) -> 1 | U418: =IF(AND(N418>=1,N418<=3),1,0) -> 1 | V418: =IF(AND(N418>=2,N418<=5),1,0) -> 0 | W418: =IF(O418<=2,1,0) -> 1 | X418: =IF(AND(O418>=1,O418<=3),1,0) -> 1 | Y418: =IF(AND(O418>=2,O418<=5),1,0) -> 0 | Z418: =IF(P418>=2,1,0) -> 1
A419: =A418+1 -> 419 | B419: K League 1 | C419: 2 | D419: Sat | E419: 2026-03-07 | F419: 16:30 (08:30) | G419: Gwangju FC | H419: 3–2 | I419: Incheon United | J419: 7574 | K419: Guus Hiddink Stadium | L419: Choi Hyunjai | M419: Match Report | N419: =VALUE(LEFT(H419,1)) -> 3 | O419: =VALUE(RIGHT(H419,1)) -> 2 | P419: =SUM(N419,O419) -> 5 | Q419: =IF(N419<>O419, 1, 0) -> 1 | R419: =IF(P419<=4,1,0) -> 0 | S419: =IF(AND(Q419=1,R419=1),1,0) -> 0 | T419: =IF(N419<=2,1,0) -> 0 | U419: =IF(AND(N419>=1,N419<=3),1,0) -> 1 | V419: =IF(AND(N419>=2,N419<=5),1,0) -> 1 | W419: =IF(O419<=2,1,0) -> 1 | X419: =IF(AND(O419>=1,O419<=3),1,0) -> 1 | Y419: =IF(AND(O419>=2,O419<=5),1,0) -> 1 | Z419: =IF(P419>=2,1,0) -> 1
A420: =A419+1 -> 420 | B420: Chinese Super League | C420: 1 | D420: Sun | E420: 2026-03-08 | F420: 15:30 (08:30) | G420: Zhejiang | H420: 2–0 | I420: Q. West Coast | J420: 25128 | K420: Yellow Dragon Sports Center | L420: Li Haixin | M420: Match Report | N420: =VALUE(LEFT(H420,1)) -> 2 | O420: =VALUE(RIGHT(H420,1)) -> 0 | P420: =SUM(N420,O420) -> 2 | Q420: =IF(N420<>O420, 1, 0) -> 1 | R420: =IF(P420<=4,1,0) -> 1 | S420: =IF(AND(Q420=1,R420=1),1,0) -> 1 | T420: =IF(N420<=2,1,0) -> 1 | U420: =IF(AND(N420>=1,N420<=3),1,0) -> 1 | V420: =IF(AND(N420>=2,N420<=5),1,0) -> 1 | W420: =IF(O420<=2,1,0) -> 1 | X420: =IF(AND(O420>=1,O420<=3),1,0) -> 0 | Y420: =IF(AND(O420>=2,O420<=5),1,0) -> 0 | Z420: =IF(P420>=2,1,0) -> 1
A421: =A420+1 -> 421 | B421: Chinese Super League | C421: 1 | D421: Sun | E421: 2026-03-08 | F421: 19:00 (12:00) | G421: Wuhan 3 Towns | H421: 0–2 | I421: Beijing Guoan | J421: 21679 | K421: Wuhan Sports Center Stadium | L421: Shuran Gan | M421: Match Report | N421: =VALUE(LEFT(H421,1)) -> 0 | O421: =VALUE(RIGHT(H421,1)) -> 2 | P421: =SUM(N421,O421) -> 2 | Q421: =IF(N421<>O421, 1, 0) -> 1 | R421: =IF(P421<=4,1,0) -> 1 | S421: =IF(AND(Q421=1,R421=1),1,0) -> 1 | T421: =IF(N421<=2,1,0) -> 1 | U421: =IF(AND(N421>=1,N421<=3),1,0) -> 0 | V421: =IF(AND(N421>=2,N421<=5),1,0) -> 0 | W421: =IF(O421<=2,1,0) -> 1 | X421: =IF(AND(O421>=1,O421<=3),1,0) -> 1 | Y421: =IF(AND(O421>=2,O421<=5),1,0) -> 1 | Z421: =IF(P421>=2,1,0) -> 1
A422: =A421+1 -> 422 | B422: K League 1 | C422: 2 | D422: Sun | E422: 2026-03-08 | F422: 14:00 (06:00) | G422: Sangmu | H422: 1–1 | I422: Jeonbuk | J422: 3323 | K422: Gimcheon Stadium | L422: Shin Yongjun | M422: Match Report | N422: =VALUE(LEFT(H422,1)) -> 1 | O422: =VALUE(RIGHT(H422,1)) -> 1 | P422: =SUM(N422,O422) -> 2 | Q422: =IF(N422<>O422, 1, 0) -> 0 | R422: =IF(P422<=4,1,0) -> 1 | S422: =IF(AND(Q422=1,R422=1),1,0) -> 0 | T422: =IF(N422<=2,1,0) -> 1 | U422: =IF(AND(N422>=1,N422<=3),1,0) -> 1 | V422: =IF(AND(N422>=2,N422<=5),1,0) -> 0 | W422: =IF(O422<=2,1,0) -> 1 | X422: =IF(AND(O422>=1,O422<=3),1,0) -> 1 | Y422: =IF(AND(O422>=2,O422<=5),1,0) -> 0 | Z422: =IF(P422>=2,1,0) -> 1
A423: =A422+1 -> 423 | B423: K League 1 | C423: 2 | D423: Sun | E423: 2026-03-08 | F423: 16:30 (08:30) | G423: FC Anyang | H423: 2–1 | I423: Jeju United | J423: 10021 | K423: Anyang Stadium | L423: Cheol junchoi | M423: Match Report | N423: =VALUE(LEFT(H423,1)) -> 2 | O423: =VALUE(RIGHT(H423,1)) -> 1 | P423: =SUM(N423,O423) -> 3 | Q423: =IF(N423<>O423, 1, 0) -> 1 | R423: =IF(P423<=4,1,0) -> 1 | S423: =IF(AND(Q423=1,R423=1),1,0) -> 1 | T423: =IF(N423<=2,1,0) -> 1 | U423: =IF(AND(N423>=1,N423<=3),1,0) -> 1 | V423: =IF(AND(N423>=2,N423<=5),1,0) -> 1 | W423: =IF(O423<=2,1,0) -> 1 | X423: =IF(AND(O423>=1,O423<=3),1,0) -> 1 | Y423: =IF(AND(O423>=2,O423<=5),1,0) -> 0 | Z423: =IF(P423>=2,1,0) -> 1
A424: =A423+1 -> 424 | B424: Ireland Premier Division | C424: 2 | D424: Mon | E424: 2026-03-09 | F424: 19:45 (20:45) | G424: Shelbourne FC | H424: 2–2 | I424: Shamrock | J424: 5683 | K424: Tolka Park | L424: Rob Hennessy | M424: Match Report | N424: =VALUE(LEFT(H424,1)) -> 2 | O424: =VALUE(RIGHT(H424,1)) -> 2 | P424: =SUM(N424,O424) -> 4 | Q424: =IF(N424<>O424, 1, 0) -> 0 | R424: =IF(P424<=4,1,0) -> 1 | S424: =IF(AND(Q424=1,R424=1),1,0) -> 0 | T424: =IF(N424<=2,1,0) -> 1 | U424: =IF(AND(N424>=1,N424<=3),1,0) -> 1 | V424: =IF(AND(N424>=2,N424<=5),1,0) -> 1 | W424: =IF(O424<=2,1,0) -> 1 | X424: =IF(AND(O424>=1,O424<=3),1,0) -> 1 | Y424: =IF(AND(O424>=2,O424<=5),1,0) -> 1 | Z424: =IF(P424>=2,1,0) -> 1
... A438: =A437+1 -> 438 | B438: K League 1 | C438: 3 | D438: Sat | E438: 2026-03-14 | F438: 16:30 (08:30) | G438: Daejeon Hana | H438: 1–1 | I438: Sangmu | J438: 6494 | K438: Daejeon World Cup Stadium | L438: Ko Hyungjin | M438: Match Report | N438: =VALUE(LEFT(H438,1)) -> 1 | O438: =VALUE(RIGHT(H438,1)) -> 1 | P438: =SUM(N438,O438) -> 2 | Q438: =IF(N438<>O438, 1, 0) -> 0 | R438: =IF(P438<=4,1,0) -> 1 | S438: =IF(AND(Q438=1,R438=1),1,0) -> 0 | T438: =IF(N438<=2,1,0) -> 1 | U438: =IF(AND(N438>=1,N438<=3),1,0) -> 1 | V438: =IF(AND(N438>=2,N438<=5),1,0) -> 0 | W438: =IF(O438<=2,1,0) -> 1 | X438: =IF(AND(O438>=1,O438<=3),1,0) -> 1 | Y438: =IF(AND(O438>=2,O438<=5),1,0) -> 0 | Z438: =IF(P438>=2,1,0) -> 1
A439: =A438+1 -> 439 | B439: Eliteserien | C439: 1 | D439: Sun | E439: 2026-03-15 | F439: 17:00 | G439: KFUM Oslo | H439: 2–0 | I439: Start | K439: KFUM Arena | L439: Christian Moen | M439: Match Report | N439: =VALUE(LEFT(H439,1)) -> 2 | O439: =VALUE(RIGHT(H439,1)) -> 0 | P439: =SUM(N439,O439) -> 2 | Q439: =IF(N439<>O439, 1, 0) -> 1 | R439: =IF(P439<=4,1,0) -> 1 | S439: =IF(AND(Q439=1,R439=1),1,0) -> 1 | T439: =IF(N439<=2,1,0) -> 1 | U439: =IF(AND(N439>=1,N439<=3),1,0) -> 1 | V439: =IF(AND(N439>=2,N439<=5),1,0) -> 1 | W439: =IF(O439<=2,1,0) -> 1 | X439: =IF(AND(O439>=1,O439<=3),1,0) -> 0 | Y439: =IF(AND(O439>=2,O439<=5),1,0) -> 0 | Z439: =IF(P439>=2,1,0) -> 1
A440: =A439+1 -> 440 | B440: Eliteserien | C440: 1 | D440: Sun | E440: 2026-03-15 | F440: 17:00 | G440: Vålerenga | H440: 1–0 | I440: Sandefjord | K440: Intility Arena | L440: Rohit Saggi | M440: Match Report | N440: =VALUE(LEFT(H440,1)) -> 1 | O440: =VALUE(RIGHT(H440,1)) -> 0 | P440: =SUM(N440,O440) -> 1 | Q440: =IF(N440<>O440, 1, 0) -> 1 | R440: =IF(P440<=4,1,0) -> 1 | S440: =IF(AND(Q440=1,R440=1),1,0) -> 1 | T440: =IF(N440<=2,1,0) -> 1 | U440: =IF(AND(N440>=1,N440<=3),1,0) -> 1 | V440: =IF(AND(N440>=2,N440<=5),1,0) -> 0 | W440: =IF(O440<=2,1,0) -> 1 | X440: =IF(AND(O440>=1,O440<=3),1,0) -> 0 | Y440: =IF(AND(O440>=2,O440<=5),1,0) -> 0 | Z440: =IF(P440>=2,1,0) -> 0
A441: =A440+1 -> 441 | B441: Eliteserien | C441: 1 | D441: Sun | E441: 2026-03-15 | F441: 17:00 | G441: Aalesund | H441: 1–3 | I441: Lillestrøm | K441: Color Line Stadion | L441: Espen Eskås | M441: Match Report | N441: =VALUE(LEFT(H441,1)) -> 1 | O441: =VALUE(RIGHT(H441,1)) -> 3 | P441: =SUM(N441,O441) -> 4 | Q441: =IF(N441<>O441, 1, 0) -> 1 | R441: =IF(P441<=4,1,0) -> 1 | S441: =IF(AND(Q441=1,R441=1),1,0) -> 1 | T441: =IF(N441<=2,1,0) -> 1 | U441: =IF(AND(N441>=1,N441<=3),1,0) -> 1 | V441: =IF(AND(N441>=2,N441<=5),1,0) -> 0 | W441: =IF(O441<=2,1,0) -> 0 | X441: =IF(AND(O441>=1,O441<=3),1,0) -> 1 | Y441: =IF(AND(O441>=2,O441<=5),1,0) -> 1 | Z441: =IF(P441>=2,1,0) -> 1
A442: =A441+1 -> 442 | B442: Chinese Super League | C442: 2 | D442: Sun | E442: 2026-03-15 | F442: 15:30 (08:30) | G442: Henan | H442: 2–1 | I442: Yunnan Yukun | J442: 19621 | K442: Zhengzhou Hanghai Stadium | L442: Shen Yinhao | M442: Match Report | N442: =VALUE(LEFT(H442,1)) -> 2 | O442: =VALUE(RIGHT(H442,1)) -> 1 | P442: =SUM(N442,O442) -> 3 | Q442: =IF(N442<>O442, 1, 0) -> 1 | R442: =IF(P442<=4,1,0) -> 1 | S442: =IF(AND(Q442=1,R442=1),1,0) -> 1 | T442: =IF(N442<=2,1,0) -> 1 | U442: =IF(AND(N442>=1,N442<=3),1,0) -> 1 | V442: =IF(AND(N442>=2,N442<=5),1,0) -> 1 | W442: =IF(O442<=2,1,0) -> 1 | X442: =IF(AND(O442>=1,O442<=3),1,0) -> 1 | Y442: =IF(AND(O442>=2,O442<=5),1,0) -> 0 | Z442: =IF(P442>=2,1,0) -> 1
A443: =A442+1 -> 443 | B443: Chinese Super League | C443: 2 | D443: Sun | E443: 2026-03-15 | F443: 19:00 (12:00) | G443: Shanghai Port | H443: 4–1 | I443: Q. West Coast | J443: 18533 | K443: SAIC Motor Pudong Arena | L443: Kai He | M443: Match Report | N443: =VALUE(LEFT(H443,1)) -> 4 | O443: =VALUE(RIGHT(H443,1)) -> 1 | P443: =SUM(N443,O443) -> 5 | Q443: =IF(N443<>O443, 1, 0) -> 1 | R443: =IF(P443<=4,1,0) -> 0 | S443: =IF(AND(Q443=1,R443=1),1,0) -> 0 | T443: =IF(N443<=2,1,0) -> 0 | U443: =IF(AND(N443>=1,N443<=3),1,0) -> 0 | V443: =IF(AND(N443>=2,N443<=5),1,0) -> 1 | W443: =IF(O443<=2,1,0) -> 1 | X443: =IF(AND(O443>=1,O443<=3),1,0) -> 1 | Y443: =IF(AND(O443>=2,O443<=5),1,0) -> 0 | Z443: =IF(P443>=2,1,0) -> 1
A444: =A443+1 -> 444 | B444: Chinese Super League | C444: 2 | D444: Sun | E444: 2026-03-15 | F444: 19:35 (12:35) | G444: Rongcheng | H444: 1–0 | I444: Qingdao Hainiu | J444: 40811 | K444: Chengdu Phoenix Hill Stadium | L444: Yi Huang | M444: Match Report | N444: =VALUE(LEFT(H444,1)) -> 1 | O444: =VALUE(RIGHT(H444,1)) -> 0 | P444: =SUM(N444,O444) -> 1 | Q444: =IF(N444<>O444, 1, 0) -> 1 | R444: =IF(P444<=4,1,0) -> 1 | S444: =IF(AND(Q444=1,R444=1),1,0) -> 1 | T444: =IF(N444<=2,1,0) -> 1 | U444: =IF(AND(N444>=1,N444<=3),1,0) -> 1 | V444: =IF(AND(N444>=2,N444<=5),1,0) -> 0 | W444: =IF(O444<=2,1,0) -> 1 | X444: =IF(AND(O444>=1,O444<=3),1,0) -> 0 | Y444: =IF(AND(O444>=2,O444<=5),1,0) -> 0 | Z444: =IF(P444>=2,1,0) -> 0
A445: =A444+1 -> 445 | B445: Eliteserien | C445: 1 | D445: Sun | E445: 2026-03-15 | F445: 14:30 | G445: Kristiansund | H445: 3–2 | I445: Brann | J445: 3302 | K445: Nordmøre Stadion | L445: Mohammad Aslam | M445: Match Report | N445: =VALUE(LEFT(H445,1)) -> 3 | O445: =VALUE(RIGHT(H445,1)) -> 2 | P445: =SUM(N445,O445) -> 5 | Q445: =IF(N445<>O445, 1, 0) -> 1 | R445: =IF(P445<=4,1,0) -> 0 | S445: =IF(AND(Q445=1,R445=1),1,0) -> 0 | T445: =IF(N445<=2,1,0) -> 0 | U445: =IF(AND(N445>=1,N445<=3),1,0) -> 1 | V445: =IF(AND(N445>=2,N445<=5),1,0) -> 1 | W445: =IF(O445<=2,1,0) -> 1 | X445: =IF(AND(O445>=1,O445<=3),1,0) -> 1 | Y445: =IF(AND(O445>=2,O445<=5),1,0) -> 1 | Z445: =IF(P445>=2,1,0) -> 1
A446: =A445+1 -> 446 | B446: Eliteserien | C446: 1 | D446: Sun | E446: 2026-03-15 | F446: 19:15 | G446: Tromsø | H446: 4–0 | I446: Fredrikstad | J446: 4255 | K446: Romssa Arena | L446: Daniel Higraff | M446: Match Report | N446: =VALUE(LEFT(H446,1)) -> 4 | O446: =VALUE(RIGHT(H446,1)) -> 0 | P446: =SUM(N446,O446) -> 4 | Q446: =IF(N446<>O446, 1, 0) -> 1 | R446: =IF(P446<=4,1,0) -> 1 | S446: =IF(AND(Q446=1,R446=1),1,0) -> 1 | T446: =IF(N446<=2,1,0) -> 0 | U446: =IF(AND(N446>=1,N446<=3),1,0) -> 0 | V446: =IF(AND(N446>=2,N446<=5),1,0) -> 1 | W446: =IF(O446<=2,1,0) -> 1 | X446: =IF(AND(O446>=1,O446<=3),1,0) -> 0 | Y446: =IF(AND(O446>=2,O446<=5),1,0) -> 0 | Z446: =IF(P446>=2,1,0) -> 1
A447: =A446+1 -> 447 | B447: K League 1 | C447: 3 | D447: Sun | E447: 2026-03-15 | F447: 14:00 (06:00) | G447: Bucheon FC | H447: 1–2 | I447: Ulsan HD | J447: 8558 | K447: Bucheon Stadium | L447: Kim Daeyong | M447: Match Report | N447: =VALUE(LEFT(H447,1)) -> 1 | O447: =VALUE(RIGHT(H447,1)) -> 2 | P447: =SUM(N447,O447) -> 3 | Q447: =IF(N447<>O447, 1, 0) -> 1 | R447: =IF(P447<=4,1,0) -> 1 | S447: =IF(AND(Q447=1,R447=1),1,0) -> 1 | T447: =IF(N447<=2,1,0) -> 1 | U447: =IF(AND(N447>=1,N447<=3),1,0) -> 1 | V447: =IF(AND(N447>=2,N447<=5),1,0) -> 0 | W447: =IF(O447<=2,1,0) -> 1 | X447: =IF(AND(O447>=1,O447<=3),1,0) -> 1 | Y447: =IF(AND(O447>=2,O447<=5),1,0) -> 1 | Z447: =IF(P447>=2,1,0) -> 1
A448: =A447+1 -> 448 | B448: K League 1 | C448: 3 | D448: Sun | E448: 2026-03-15 | F448: 14:00 (06:00) | G448: Jeju United | H448: 1–2 | I448: FC Seoul | J448: 7518 | K448: Jeju World Cup Stadium | L448: Park Byungjin | M448: Match Report | N448: =VALUE(LEFT(H448,1)) -> 1 | O448: =VALUE(RIGHT(H448,1)) -> 2 | P448: =SUM(N448,O448) -> 3 | Q448: =IF(N448<>O448, 1, 0) -> 1 | R448: =IF(P448<=4,1,0) -> 1 | S448: =IF(AND(Q448=1,R448=1),1,0) -> 1 | T448: =IF(N448<=2,1,0) -> 1 | U448: =IF(AND(N448>=1,N448<=3),1,0) -> 1 | V448: =IF(AND(N448>=2,N448<=5),1,0) -> 0 | W448: =IF(O448<=2,1,0) -> 1 | X448: =IF(AND(O448>=1,O448<=3),1,0) -> 1 | Y448: =IF(AND(O448>=2,O448<=5),1,0) -> 1 | Z448: =IF(P448>=2,1,0) -> 1
A449: =A448+1 -> 449 | B449: K League 1 | C449: 3 | D449: Sun | E449: 2026-03-15 | F449: 16:30 (08:30) | G449: Pohang Steelers | H449: 1–1 | I449: Incheon United | J449: 10510 | K449: Pohang Steelyard | L449: Seol Taehwan | M449: Match Report | N449: =VALUE(LEFT(H449,1)) -> 1 | O449: =VALUE(RIGHT(H449,1)) -> 1 | P449: =SUM(N449,O449) -> 2 | Q449: =IF(N449<>O449, 1, 0) -> 0 | R449: =IF(P449<=4,1,0) -> 1 | S449: =IF(AND(Q449=1,R449=1),1,0) -> 0 | T449: =IF(N449<=2,1,0) -> 1 | U449: =IF(AND(N449>=1,N449<=3),1,0) -> 1 | V449: =IF(AND(N449>=2,N449<=5),1,0) -> 0 | W449: =IF(O449<=2,1,0) -> 1 | X449: =IF(AND(O449>=1,O449<=3),1,0) -> 1 | Y449: =IF(AND(O449>=2,O449<=5),1,0) -> 0 | Z449: =IF(P449>=2,1,0) -> 1
A450: =A449+1 -> 450 | B450: K League 1 | C450: 3 | D450: Sun | E450: 2026-03-15 | F450: 16:30 (08:30) | G450: Gangwon FC | H450: 1–1 | I450: FC Anyang | J450: 6087 | K450: Gangneung Stadium | L450: Kim Jonghyeok | M450: Match Report | N450: =VALUE(LEFT(H450,1)) -> 1 | O450: =VALUE(RIGHT(H450,1)) -> 1 | P450: =SUM(N450,O450) -> 2 | Q450: =IF(N450<>O450, 1, 0) -> 0 | R450: =IF(P450<=4,1,0) -> 1 | S450: =IF(AND(Q450=1,R450=1),1,0) -> 0 | T450: =IF(N450<=2,1,0) -> 1 | U450: =IF(AND(N450>=1,N450<=3),1,0) -> 1 | V450: =IF(AND(N450>=2,N450<=5),1,0) -> 0 | W450: =IF(O450<=2,1,0) -> 1 | X450: =IF(AND(O450>=1,O450<=3),1,0) -> 1 | Y450: =IF(AND(O450>=2,O450<=5),1,0) -> 0 | Z450: =IF(P450>=2,1,0) -> 1
A451: =A450+1 -> 451 | B451: Ireland Premier Division | C451: 7 | D451: Mon | E451: 2026-03-16 | F451: 19:45 (20:45) | G451: St Patrick's | H451: 0–0 | I451: Derry City | J451: 4502 | K451: Richmond Park | L451: Robert Harvey | M451: Match Report | N451: =VALUE(LEFT(H451,1)) -> 0 | O451: =VALUE(RIGHT(H451,1)) -> 0 | P451: =SUM(N451,O451) -> 0 | Q451: =IF(N451<>O451, 1, 0) -> 0 | R451: =IF(P451<=4,1,0) -> 1 | S451: =IF(AND(Q451=1,R451=1),1,0) -> 0 | T451: =IF(N451<=2,1,0) -> 1 | U451: =IF(AND(N451>=1,N451<=3),1,0) -> 0 | V451: =IF(AND(N451>=2,N451<=5),1,0) -> 0 | W451: =IF(O451<=2,1,0) -> 1 | X451: =IF(AND(O451>=1,O451<=3),1,0) -> 0 | Y451: =IF(AND(O451>=2,O451<=5),1,0) -> 0 | Z451: =IF(P451>=2,1,0) -> 0
A452: =A451+1 -> 452 | B452: Ireland Premier Division | C452: 7 | D452: Mon | E452: 2026-03-16 | F452: 19:45 (20:45) | G452: Drogheda United | H452: 0–0 | I452: Shamrock | J452: 2417 | K452: Sullivan and Lambe Park | L452: D. Toland | M452: Match Report | N452: =VALUE(LEFT(H452,1)) -> 0 | O452: =VALUE(RIGHT(H452,1)) -> 0 | P452: =SUM(N452,O452) -> 0 | Q452: =IF(N452<>O452, 1, 0) -> 0 | R452: =IF(P452<=4,1,0) -> 1 | S452: =IF(AND(Q452=1,R452=1),1,0) -> 0 | T452: =IF(N452<=2,1,0) -> 1 | U452: =IF(AND(N452>=1,N452<=3),1,0) -> 0 | V452: =IF(AND(N452>=2,N452<=5),1,0) -> 0 | W452: =IF(O452<=2,1,0) -> 1 | X452: =IF(AND(O452>=1,O452<=3),1,0) -> 0 | Y452: =IF(AND(O452>=2,O452<=5),1,0) -> 0 | Z452: =IF(P452>=2,1,0) -> 0
A453: =A452+1 -> 453 | B453: Ireland Premier Division | C453: 7 | D453: Mon | E453: 2026-03-16 | F453: 19:45 (20:45) | G453: Shelbourne FC | H453: 0–0 | I453: Bohemian FC | J453: 5650 | K453: Tolka Park | L453: Aaron O'Dowd | M453: Match Report | N453: =VALUE(LEFT(H453,1)) -> 0 | O453: =VALUE(RIGHT(H453,1)) -> 0 | P453: =SUM(N453,O453) -> 0 | Q453: =IF(N453<>O453, 1, 0) -> 0 | R453: =IF(P453<=4,1,0) -> 1 | S453: =IF(AND(Q453=1,R453=1),1,0) -> 0 | T453: =IF(N453<=2,1,0) -> 1 | U453: =IF(AND(N453>=1,N453<=3),1,0) -> 0 | V453: =IF(AND(N453>=2,N453<=5),1,0) -> 0 | W453: =IF(O453<=2,1,0) -> 1 | X453: =IF(AND(O453>=1,O453<=3),1,0) -> 0 | Y453: =IF(AND(O453>=2,O453<=5),1,0) -> 0 | Z453: =IF(P453>=2,1,0) -> 0
... A532: =A531+1 -> 532 | B532: Eliteserien | C532: 3 | D532: Tue | E532: 2026-04-07 | F532: 19:00 | G532: Aalesund | H532: 2–3 | I532: Fredrikstad | J532: 4008 | K532: Color Line Stadion | L532: Kristoffer Hagenes | M532: Match Report | N532: =VALUE(LEFT(H532,1)) -> 2 | O532: =VALUE(RIGHT(H532,1)) -> 3 | P532: =SUM(N532,O532) -> 5 | Q532: =IF(N532<>O532, 1, 0) -> 1 | R532: =IF(P532<=4,1,0) -> 0 | S532: =IF(AND(Q532=1,R532=1),1,0) -> 0 | T532: =IF(N532<=2,1,0) -> 1 | U532: =IF(AND(N532>=1,N532<=3),1,0) -> 1 | V532: =IF(AND(N532>=2,N532<=5),1,0) -> 1 | W532: =IF(O532<=2,1,0) -> 0 | X532: =IF(AND(O532>=1,O532<=3),1,0) -> 1 | Y532: =IF(AND(O532>=2,O532<=5),1,0) -> 1 | Z532: =IF(P532>=2,1,0) -> 1
A533: =A532+1 -> 533 | B533: Ireland Premier Division | C533: 11 | D533: Fri | E533: 2026-04-10 | F533: 19:45 (20:45) | G533: Bohemian FC | H533: 1–2 | I533: Sligo Rovers | K533: Dalymount Park | L533: Neil Doyle | M533: Match Report | N533: =VALUE(LEFT(H533,1)) -> 1 | O533: =VALUE(RIGHT(H533,1)) -> 2 | P533: =SUM(N533,O533) -> 3 | Q533: =IF(N533<>O533, 1, 0) -> 1 | R533: =IF(P533<=4,1,0) -> 1 | S533: =IF(AND(Q533=1,R533=1),1,0) -> 1 | T533: =IF(N533<=2,1,0) -> 1 | U533: =IF(AND(N533>=1,N533<=3),1,0) -> 1 | V533: =IF(AND(N533>=2,N533<=5),1,0) -> 0 | W533: =IF(O533<=2,1,0) -> 1 | X533: =IF(AND(O533>=1,O533<=3),1,0) -> 1 | Y533: =IF(AND(O533>=2,O533<=5),1,0) -> 1 | Z533: =IF(P533>=2,1,0) -> 1
A534: =A533+1 -> 534 | B534: Ireland Premier Division | C534: 11 | D534: Fri | E534: 2026-04-10 | F534: 20:00 (21:00) | G534: St Patrick's | H534: 0–1 | I534: Shamrock | K534: Richmond Park | L534: Robert Harvey | M534: Match Report | N534: =VALUE(LEFT(H534,1)) -> 0 | O534: =VALUE(RIGHT(H534,1)) -> 1 | P534: =SUM(N534,O534) -> 1 | Q534: =IF(N534<>O534, 1, 0) -> 1 | R534: =IF(P534<=4,1,0) -> 1 | S534: =IF(AND(Q534=1,R534=1),1,0) -> 1 | T534: =IF(N534<=2,1,0) -> 1 | U534: =IF(AND(N534>=1,N534<=3),1,0) -> 0 | V534: =IF(AND(N534>=2,N534<=5),1,0) -> 0 | W534: =IF(O534<=2,1,0) -> 1 | X534: =IF(AND(O534>=1,O534<=3),1,0) -> 1 | Y534: =IF(AND(O534>=2,O534<=5),1,0) -> 0 | Z534: =IF(P534>=2,1,0) -> 0
A535: =A534+1 -> 535 | B535: Chinese Super League | C535: 5 | D535: Fri | E535: 2026-04-10 | F535: 19:35 (13:35) | G535: Dalian Yingbo | H535: 3–0 | I535: Zhejiang | J535: 58229 | K535: Dalian Suoyuwan Football Stadium | L535: Qiu Zhaojun | M535: Match Report | N535: =VALUE(LEFT(H535,1)) -> 3 | O535: =VALUE(RIGHT(H535,1)) -> 0 | P535: =SUM(N535,O535) -> 3 | Q535: =IF(N535<>O535, 1, 0) -> 1 | R535: =IF(P535<=4,1,0) -> 1 | S535: =IF(AND(Q535=1,R535=1),1,0) -> 1 | T535: =IF(N535<=2,1,0) -> 0 | U535: =IF(AND(N535>=1,N535<=3),1,0) -> 1 | V535: =IF(AND(N535>=2,N535<=5),1,0) -> 1 | W535: =IF(O535<=2,1,0) -> 1 | X535: =IF(AND(O535>=1,O535<=3),1,0) -> 0 | Y535: =IF(AND(O535>=2,O535<=5),1,0) -> 0 | Z535: =IF(P535>=2,1,0) -> 1
A536: =A535+1 -> 536 | B536: Ireland Premier Division | C536: 11 | D536: Fri | E536: 2026-04-10 | F536: 19:45 (20:45) | G536: Dundalk FC | H536: 2–2 | I536: Derry City | J536: 2736 | K536: Oriel Park | L536: Paul Norton | M536: Match Report | N536: =VALUE(LEFT(H536,1)) -> 2 | O536: =VALUE(RIGHT(H536,1)) -> 2 | P536: =SUM(N536,O536) -> 4 | Q536: =IF(N536<>O536, 1, 0) -> 0 | R536: =IF(P536<=4,1,0) -> 1 | S536: =IF(AND(Q536=1,R536=1),1,0) -> 0 | T536: =IF(N536<=2,1,0) -> 1 | U536: =IF(AND(N536>=1,N536<=3),1,0) -> 1 | V536: =IF(AND(N536>=2,N536<=5),1,0) -> 1 | W536: =IF(O536<=2,1,0) -> 1 | X536: =IF(AND(O536>=1,O536<=3),1,0) -> 1 | Y536: =IF(AND(O536>=2,O536<=5),1,0) -> 1 | Z536: =IF(P536>=2,1,0) -> 1
A537: =A536+1 -> 537 | B537: Veikkausliiga | C537: 2 | D537: Fri | E537: 2026-04-10 | F537: 18:00 (17:00) | G537: TPS | H537: 2–1 | I537: Lahti | J537: 2828 | K537: Veritas Stadion | L537: Joona Kontinen | M537: Match Report | N537: =VALUE(LEFT(H537,1)) -> 2 | O537: =VALUE(RIGHT(H537,1)) -> 1 | P537: =SUM(N537,O537) -> 3 | Q537: =IF(N537<>O537, 1, 0) -> 1 | R537: =IF(P537<=4,1,0) -> 1 | S537: =IF(AND(Q537=1,R537=1),1,0) -> 1 | T537: =IF(N537<=2,1,0) -> 1 | U537: =IF(AND(N537>=1,N537<=3),1,0) -> 1 | V537: =IF(AND(N537>=2,N537<=5),1,0) -> 1 | W537: =IF(O537<=2,1,0) -> 1 | X537: =IF(AND(O537>=1,O537<=3),1,0) -> 1 | Y537: =IF(AND(O537>=2,O537<=5),1,0) -> 0 | Z537: =IF(P537>=2,1,0) -> 1
A538: =A537+1 -> 538 | B538: Veikkausliiga | C538: 2 | D538: Fri | E538: 2026-04-10 | F538: 19:00 (18:00) | G538: SJK | H538: 3–0 | I538: IFK Mariehamn | J538: 2706 | K538: OmaSP Stadion | L538: Amir Hajizadeh | M538: Match Report | N538: =VALUE(LEFT(H538,1)) -> 3 | O538: =VALUE(RIGHT(H538,1)) -> 0 | P538: =SUM(N538,O538) -> 3 | Q538: =IF(N538<>O538, 1, 0) -> 1 | R538: =IF(P538<=4,1,0) -> 1 | S538: =IF(AND(Q538=1,R538=1),1,0) -> 1 | T538: =IF(N538<=2,1,0) -> 0 | U538: =IF(AND(N538>=1,N538<=3),1,0) -> 1 | V538: =IF(AND(N538>=2,N538<=5),1,0) -> 1 | W538: =IF(O538<=2,1,0) -> 1 | X538: =IF(AND(O538>=1,O538<=3),1,0) -> 0 | Y538: =IF(AND(O538>=2,O538<=5),1,0) -> 0 | Z538: =IF(P538>=2,1,0) -> 1
A539: =A538+1 -> 539 | B539: Veikkausliiga | C539: 2 | D539: Fri | E539: 2026-04-10 | F539: 20:00 (19:00) | G539: VPS | H539: 0–0 | I539: FF Jaro | J539: 3724 | K539: Lemonsoft Stadion | L539: Oliver Reitala | M539: Match Report | N539: =VALUE(LEFT(H539,1)) -> 0 | O539: =VALUE(RIGHT(H539,1)) -> 0 | P539: =SUM(N539,O539) -> 0 | Q539: =IF(N539<>O539, 1, 0) -> 0 | R539: =IF(P539<=4,1,0) -> 1 | S539: =IF(AND(Q539=1,R539=1),1,0) -> 0 | T539: =IF(N539<=2,1,0) -> 1 | U539: =IF(AND(N539>=1,N539<=3),1,0) -> 0 | V539: =IF(AND(N539>=2,N539<=5),1,0) -> 0 | W539: =IF(O539<=2,1,0) -> 1 | X539: =IF(AND(O539>=1,O539<=3),1,0) -> 0 | Y539: =IF(AND(O539>=2,O539<=5),1,0) -> 0 | Z539: =IF(P539>=2,1,0) -> 0
A540: =A539+1 -> 540 | B540: Allsvenskan | C540: 2 | D540: Sat | E540: 2026-04-11 | F540: 15:00 | G540: Västerås | H540: 2–2 | I540: Elfsborg | J540: 7449 | K540: Hitachi Energy Arena | L540: Tess Olofsson | M540: Match Report | N540: =VALUE(LEFT(H540,1)) -> 2 | O540: =VALUE(RIGHT(H540,1)) -> 2 | P540: =SUM(N540,O540) -> 4 | Q540: =IF(N540<>O540, 1, 0) -> 0 | R540: =IF(P540<=4,1,0) -> 1 | S540: =IF(AND(Q540=1,R540=1),1,0) -> 0 | T540: =IF(N540<=2,1,0) -> 1 | U540: =IF(AND(N540>=1,N540<=3),1,0) -> 1 | V540: =IF(AND(N540>=2,N540<=5),1,0) -> 1 | W540: =IF(O540<=2,1,0) -> 1 | X540: =IF(AND(O540>=1,O540<=3),1,0) -> 1 | Y540: =IF(AND(O540>=2,O540<=5),1,0) -> 1 | Z540: =IF(P540>=2,1,0) -> 1
A541: =A540+1 -> 541 | B541: Allsvenskan | C541: 2 | D541: Sat | E541: 2026-04-11 | F541: 15:00 | G541: Mjällby | H541: 0–2 | I541: Örgryte | J541: 3884 | K541: Strandvallen A-Plan | L541: Adi Aganovic | M541: Match Report | N541: =VALUE(LEFT(H541,1)) -> 0 | O541: =VALUE(RIGHT(H541,1)) -> 2 | P541: =SUM(N541,O541) -> 2 | Q541: =IF(N541<>O541, 1, 0) -> 1 | R541: =IF(P541<=4,1,0) -> 1 | S541: =IF(AND(Q541=1,R541=1),1,0) -> 1 | T541: =IF(N541<=2,1,0) -> 1 | U541: =IF(AND(N541>=1,N541<=3),1,0) -> 0 | V541: =IF(AND(N541>=2,N541<=5),1,0) -> 0 | W541: =IF(O541<=2,1,0) -> 1 | X541: =IF(AND(O541>=1,O541<=3),1,0) -> 1 | Y541: =IF(AND(O541>=2,O541<=5),1,0) -> 1 | Z541: =IF(P541>=2,1,0) -> 1
A542: =A541+1 -> 542 | B542: Allsvenskan | C542: 2 | D542: Sat | E542: 2026-04-11 | F542: 16:00 (15:00) | G542: Göteborg | H542: 0–2 | I542: BK Häcken | J542: 17457 | K542: Salon Urheilupuisto Stadion | L542: Joakim Sars | M542: Match Report | N542: =VALUE(LEFT(H542,1)) -> 0 | O542: =VALUE(RIGHT(H542,1)) -> 2 | P542: =SUM(N542,O542) -> 2 | Q542: =IF(N542<>O542, 1, 0) -> 1 | R542: =IF(P542<=4,1,0) -> 1 | S542: =IF(AND(Q542=1,R542=1),1,0) -> 1 | T542: =IF(N542<=2,1,0) -> 1 | U542: =IF(AND(N542>=1,N542<=3),1,0) -> 0 | V542: =IF(AND(N542>=2,N542<=5),1,0) -> 0 | W542: =IF(O542<=2,1,0) -> 1 | X542: =IF(AND(O542>=1,O542<=3),1,0) -> 1 | Y542: =IF(AND(O542>=2,O542<=5),1,0) -> 1 | Z542: =IF(P542>=2,1,0) -> 1
A543: =A542+1 -> 543 | B543: Chinese Super League | C543: 5 | D543: Sat | E543: 2026-04-11 | F543: 19:00 (13:00) | G543: Q. West Coast | H543: 1–1 | I543: Shenyang Urban | J543: 17933 | K543: Qingdao West Coast University City Stadi... | L543: Meng Xiangkun | M543: Match Report | N543: =VALUE(LEFT(H543,1)) -> 1 | O543: =VALUE(RIGHT(H543,1)) -> 1 | P543: =SUM(N543,O543) -> 2 | Q543: =IF(N543<>O543, 1, 0) -> 0 | R543: =IF(P543<=4,1,0) -> 1 | S543: =IF(AND(Q543=1,R543=1),1,0) -> 0 | T543: =IF(N543<=2,1,0) -> 1 | U543: =IF(AND(N543>=1,N543<=3),1,0) -> 1 | V543: =IF(AND(N543>=2,N543<=5),1,0) -> 0 | W543: =IF(O543<=2,1,0) -> 1 | X543: =IF(AND(O543>=1,O543<=3),1,0) -> 1 | Y543: =IF(AND(O543>=2,O543<=5),1,0) -> 0 | Z543: =IF(P543>=2,1,0) -> 1
A544: =A543+1 -> 544 | B544: Chinese Super League | C544: 5 | D544: Sat | E544: 2026-04-11 | F544: 19:00 (13:00) | G544: Chongqing | H544: 2–1 | I544: Wuhan 3 Towns | J544: 18326 | K544: Tongliang Long Stadium | L544: Gao Peng | M544: Match Report | N544: =VALUE(LEFT(H544,1)) -> 2 | O544: =VALUE(RIGHT(H544,1)) -> 1 | P544: =SUM(N544,O544) -> 3 | Q544: =IF(N544<>O544, 1, 0) -> 1 | R544: =IF(P544<=4,1,0) -> 1 | S544: =IF(AND(Q544=1,R544=1),1,0) -> 1 | T544: =IF(N544<=2,1,0) -> 1 | U544: =IF(AND(N544>=1,N544<=3),1,0) -> 1 | V544: =IF(AND(N544>=2,N544<=5),1,0) -> 1 | W544: =IF(O544<=2,1,0) -> 1 | X544: =IF(AND(O544>=1,O544<=3),1,0) -> 1 | Y544: =IF(AND(O544>=2,O544<=5),1,0) -> 0 | Z544: =IF(P544>=2,1,0) -> 1
A545: =A544+1 -> 545 | B545: Chinese Super League | C545: 5 | D545: Sat | E545: 2026-04-11 | F545: 19:35 (13:35) | G545: Henan | H545: 0–1 | I545: SD Taishan | J545: 20777 | K545: Zhengzhou Hanghai Stadium | L545: Zhang Lei | M545: Match Report | N545: =VALUE(LEFT(H545,1)) -> 0 | O545: =VALUE(RIGHT(H545,1)) -> 1 | P545: =SUM(N545,O545) -> 1 | Q545: =IF(N545<>O545, 1, 0) -> 1 | R545: =IF(P545<=4,1,0) -> 1 | S545: =IF(AND(Q545=1,R545=1),1,0) -> 1 | T545: =IF(N545<=2,1,0) -> 1 | U545: =IF(AND(N545>=1,N545<=3),1,0) -> 0 | V545: =IF(AND(N545>=2,N545<=5),1,0) -> 0 | W545: =IF(O545<=2,1,0) -> 1 | X545: =IF(AND(O545>=1,O545<=3),1,0) -> 1 | Y545: =IF(AND(O545>=2,O545<=5),1,0) -> 0 | Z545: =IF(P545>=2,1,0) -> 0
A546: =A545+1 -> 546 | B546: Chinese Super League | C546: 5 | D546: Sat | E546: 2026-04-11 | F546: 19:35 (13:35) | G546: Shanghai Shen | H546: 1–0 | I546: Shanghai Port | J546: 60141 | K546: Shanghai Stadium | L546: Li Haixin | M546: Match Report | N546: =VALUE(LEFT(H546,1)) -> 1 | O546: =VALUE(RIGHT(H546,1)) -> 0 | P546: =SUM(N546,O546) -> 1 | Q546: =IF(N546<>O546, 1, 0) -> 1 | R546: =IF(P546<=4,1,0) -> 1 | S546: =IF(AND(Q546=1,R546=1),1,0) -> 1 | T546: =IF(N546<=2,1,0) -> 1 | U546: =IF(AND(N546>=1,N546<=3),1,0) -> 1 | V546: =IF(AND(N546>=2,N546<=5),1,0) -> 0 | W546: =IF(O546<=2,1,0) -> 1 | X546: =IF(AND(O546>=1,O546<=3),1,0) -> 0 | Y546: =IF(AND(O546>=2,O546<=5),1,0) -> 0 | Z546: =IF(P546>=2,1,0) -> 0
... A682: =A681+1 -> 682 | B682: Eliteserien | C682: 18 | D682: Thu | E682: 2026-04-30 | F682: 19:00 | G682: Bodø/Glimt | H682: 5–0 | I682: Start | J682: 5441 | K682: Aspmyra Stadion | L682: Ola Nilsen | M682: Match Report | N682: =VALUE(LEFT(H682,1)) -> 5 | O682: =VALUE(RIGHT(H682,1)) -> 0 | P682: =SUM(N682,O682) -> 5 | Q682: =IF(N682<>O682, 1, 0) -> 1 | R682: =IF(P682<=4,1,0) -> 0 | S682: =IF(AND(Q682=1,R682=1),1,0) -> 0 | T682: =IF(N682<=2,1,0) -> 0 | U682: =IF(AND(N682>=1,N682<=3),1,0) -> 0 | V682: =IF(AND(N682>=2,N682<=5),1,0) -> 1 | W682: =IF(O682<=2,1,0) -> 1 | X682: =IF(AND(O682>=1,O682<=3),1,0) -> 0 | Y682: =IF(AND(O682>=2,O682<=5),1,0) -> 0 | Z682: =IF(P682>=2,1,0) -> 1
A683: =A682+1 -> 683 | B683: Ireland Premier Division | C683: 14 | D683: Fri | E683: 2026-05-01 | F683: 19:45 (20:45) | G683: Dundalk FC | H683: 1–2 | I683: Shelbourne FC | K683: Oriel Park | L683: Paul Norton | M683: Match Report | N683: =VALUE(LEFT(H683,1)) -> 1 | O683: =VALUE(RIGHT(H683,1)) -> 2 | P683: =SUM(N683,O683) -> 3 | Q683: =IF(N683<>O683, 1, 0) -> 1 | R683: =IF(P683<=4,1,0) -> 1 | S683: =IF(AND(Q683=1,R683=1),1,0) -> 1 | T683: =IF(N683<=2,1,0) -> 1 | U683: =IF(AND(N683>=1,N683<=3),1,0) -> 1 | V683: =IF(AND(N683>=2,N683<=5),1,0) -> 0 | W683: =IF(O683<=2,1,0) -> 1 | X683: =IF(AND(O683>=1,O683<=3),1,0) -> 1 | Y683: =IF(AND(O683>=2,O683<=5),1,0) -> 1 | Z683: =IF(P683>=2,1,0) -> 1
A684: =A683+1 -> 684 | B684: Chinese Super League | C684: 9 | D684: Fri | E684: 2026-05-01 | F684: 19:00 (13:00) | G684: Dalian Yingbo | H684: 1–0 | I684: Chongqing | J684: 62339 | K684: Dalian Suoyuwan Football Stadium | L684: Li Haixin | M684: Match Report | N684: =VALUE(LEFT(H684,1)) -> 1 | O684: =VALUE(RIGHT(H684,1)) -> 0 | P684: =SUM(N684,O684) -> 1 | Q684: =IF(N684<>O684, 1, 0) -> 1 | R684: =IF(P684<=4,1,0) -> 1 | S684: =IF(AND(Q684=1,R684=1),1,0) -> 1 | T684: =IF(N684<=2,1,0) -> 1 | U684: =IF(AND(N684>=1,N684<=3),1,0) -> 1 | V684: =IF(AND(N684>=2,N684<=5),1,0) -> 0 | W684: =IF(O684<=2,1,0) -> 1 | X684: =IF(AND(O684>=1,O684<=3),1,0) -> 0 | Y684: =IF(AND(O684>=2,O684<=5),1,0) -> 0 | Z684: =IF(P684>=2,1,0) -> 0
A685: =A684+1 -> 685 | B685: Chinese Super League | C685: 9 | D685: Fri | E685: 2026-05-01 | F685: 19:00 (13:00) | G685: Henan | H685: 4–0 | I685: Shenyang Urban | J685: 19055 | K685: Zhengzhou Hanghai Stadium | L685: Ren Tong | M685: Match Report | N685: =VALUE(LEFT(H685,1)) -> 4 | O685: =VALUE(RIGHT(H685,1)) -> 0 | P685: =SUM(N685,O685) -> 4 | Q685: =IF(N685<>O685, 1, 0) -> 1 | R685: =IF(P685<=4,1,0) -> 1 | S685: =IF(AND(Q685=1,R685=1),1,0) -> 1 | T685: =IF(N685<=2,1,0) -> 0 | U685: =IF(AND(N685>=1,N685<=3),1,0) -> 0 | V685: =IF(AND(N685>=2,N685<=5),1,0) -> 1 | W685: =IF(O685<=2,1,0) -> 1 | X685: =IF(AND(O685>=1,O685<=3),1,0) -> 0 | Y685: =IF(AND(O685>=2,O685<=5),1,0) -> 0 | Z685: =IF(P685>=2,1,0) -> 1
A686: =A685+1 -> 686 | B686: Chinese Super League | C686: 9 | D686: Fri | E686: 2026-05-01 | F686: 19:35 (13:35) | G686: SD Taishan | H686: 1–1 | I686: Q. West Coast | J686: 29378 | K686: Jinan Olympic Sports Center Stadium | L686: Meng Xiangkun | M686: Match Report | N686: =VALUE(LEFT(H686,1)) -> 1 | O686: =VALUE(RIGHT(H686,1)) -> 1 | P686: =SUM(N686,O686) -> 2 | Q686: =IF(N686<>O686, 1, 0) -> 0 | R686: =IF(P686<=4,1,0) -> 1 | S686: =IF(AND(Q686=1,R686=1),1,0) -> 0 | T686: =IF(N686<=2,1,0) -> 1 | U686: =IF(AND(N686>=1,N686<=3),1,0) -> 1 | V686: =IF(AND(N686>=2,N686<=5),1,0) -> 0 | W686: =IF(O686<=2,1,0) -> 1 | X686: =IF(AND(O686>=1,O686<=3),1,0) -> 1 | Y686: =IF(AND(O686>=2,O686<=5),1,0) -> 0 | Z686: =IF(P686>=2,1,0) -> 1
A687: =A686+1 -> 687 | B687: Chinese Super League | C687: 9 | D687: Fri | E687: 2026-05-01 | F687: 19:35 (13:35) | G687: Jinmen Tiger | H687: 2–2 | I687: Wuhan 3 Towns | J687: 32157 | K687: TEDA Football Stadium | L687: Shunqi Tang | M687: Match Report | N687: =VALUE(LEFT(H687,1)) -> 2 | O687: =VALUE(RIGHT(H687,1)) -> 2 | P687: =SUM(N687,O687) -> 4 | Q687: =IF(N687<>O687, 1, 0) -> 0 | R687: =IF(P687<=4,1,0) -> 1 | S687: =IF(AND(Q687=1,R687=1),1,0) -> 0 | T687: =IF(N687<=2,1,0) -> 1 | U687: =IF(AND(N687>=1,N687<=3),1,0) -> 1 | V687: =IF(AND(N687>=2,N687<=5),1,0) -> 1 | W687: =IF(O687<=2,1,0) -> 1 | X687: =IF(AND(O687>=1,O687<=3),1,0) -> 1 | Y687: =IF(AND(O687>=2,O687<=5),1,0) -> 1 | Z687: =IF(P687>=2,1,0) -> 1
A688: =A687+1 -> 688 | B688: Chinese Super League | C688: 9 | D688: Fri | E688: 2026-05-01 | F688: 20:00 (14:00) | G688: Shanghai Shen | H688: 2–3 | I688: Rongcheng | J688: 61815 | K688: Shanghai Stadium | L688: Ma Ning | M688: Match Report | N688: =VALUE(LEFT(H688,1)) -> 2 | O688: =VALUE(RIGHT(H688,1)) -> 3 | P688: =SUM(N688,O688) -> 5 | Q688: =IF(N688<>O688, 1, 0) -> 1 | R688: =IF(P688<=4,1,0) -> 0 | S688: =IF(AND(Q688=1,R688=1),1,0) -> 0 | T688: =IF(N688<=2,1,0) -> 1 | U688: =IF(AND(N688>=1,N688<=3),1,0) -> 1 | V688: =IF(AND(N688>=2,N688<=5),1,0) -> 1 | W688: =IF(O688<=2,1,0) -> 0 | X688: =IF(AND(O688>=1,O688<=3),1,0) -> 1 | Y688: =IF(AND(O688>=2,O688<=5),1,0) -> 1 | Z688: =IF(P688>=2,1,0) -> 1
A689: =A688+1 -> 689 | B689: Eliteserien | C689: 7 | D689: Fri | E689: 2026-05-01 | F689: 18:00 | G689: Viking | H689: 3–0 | I689: Rosenborg | J689: 15900 | K689: Lyse Arena | L689: Sivert Øksnes Amland | M689: Match Report | N689: =VALUE(LEFT(H689,1)) -> 3 | O689: =VALUE(RIGHT(H689,1)) -> 0 | P689: =SUM(N689,O689) -> 3 | Q689: =IF(N689<>O689, 1, 0) -> 1 | R689: =IF(P689<=4,1,0) -> 1 | S689: =IF(AND(Q689=1,R689=1),1,0) -> 1 | T689: =IF(N689<=2,1,0) -> 0 | U689: =IF(AND(N689>=1,N689<=3),1,0) -> 1 | V689: =IF(AND(N689>=2,N689<=5),1,0) -> 1 | W689: =IF(O689<=2,1,0) -> 1 | X689: =IF(AND(O689>=1,O689<=3),1,0) -> 0 | Y689: =IF(AND(O689>=2,O689<=5),1,0) -> 0 | Z689: =IF(P689>=2,1,0) -> 1
A690: =A689+1 -> 690 | B690: Ireland Premier Division | C690: 14 | D690: Fri | E690: 2026-05-01 | F690: 19:45 (20:45) | G690: Galway United | H690: 2–2 | I690: St Patrick's | J690: 2243 | K690: Deacy Park | L690: Rob Hennessy | M690: Match Report | N690: =VALUE(LEFT(H690,1)) -> 2 | O690: =VALUE(RIGHT(H690,1)) -> 2 | P690: =SUM(N690,O690) -> 4 | Q690: =IF(N690<>O690, 1, 0) -> 0 | R690: =IF(P690<=4,1,0) -> 1 | S690: =IF(AND(Q690=1,R690=1),1,0) -> 0 | T690: =IF(N690<=2,1,0) -> 1 | U690: =IF(AND(N690>=1,N690<=3),1,0) -> 1 | V690: =IF(AND(N690>=2,N690<=5),1,0) -> 1 | W690: =IF(O690<=2,1,0) -> 1 | X690: =IF(AND(O690>=1,O690<=3),1,0) -> 1 | Y690: =IF(AND(O690>=2,O690<=5),1,0) -> 1 | Z690: =IF(P690>=2,1,0) -> 1
A691: =A690+1 -> 691 | B691: Ireland Premier Division | C691: 14 | D691: Fri | E691: 2026-05-01 | F691: 19:45 (20:45) | G691: Drogheda United | H691: 1–0 | I691: Sligo Rovers | J691: 1811 | K691: Sullivan and Lambe Park | L691: Kevin O'Sullivan | M691: Match Report | N691: =VALUE(LEFT(H691,1)) -> 1 | O691: =VALUE(RIGHT(H691,1)) -> 0 | P691: =SUM(N691,O691) -> 1 | Q691: =IF(N691<>O691, 1, 0) -> 1 | R691: =IF(P691<=4,1,0) -> 1 | S691: =IF(AND(Q691=1,R691=1),1,0) -> 1 | T691: =IF(N691<=2,1,0) -> 1 | U691: =IF(AND(N691>=1,N691<=3),1,0) -> 1 | V691: =IF(AND(N691>=2,N691<=5),1,0) -> 0 | W691: =IF(O691<=2,1,0) -> 1 | X691: =IF(AND(O691>=1,O691<=3),1,0) -> 0 | Y691: =IF(AND(O691>=2,O691<=5),1,0) -> 0 | Z691: =IF(P691>=2,1,0) -> 0
A692: =A691+1 -> 692 | B692: Ireland Premier Division | C692: 14 | D692: Fri | E692: 2026-05-01 | F692: 20:00 (21:00) | G692: Bohemian FC | H692: 1–1 | I692: Derry City | J692: 4101 | K692: Dalymount Park | L692: Robert Harvey | M692: Match Report | N692: =VALUE(LEFT(H692,1)) -> 1 | O692: =VALUE(RIGHT(H692,1)) -> 1 | P692: =SUM(N692,O692) -> 2 | Q692: =IF(N692<>O692, 1, 0) -> 0 | R692: =IF(P692<=4,1,0) -> 1 | S692: =IF(AND(Q692=1,R692=1),1,0) -> 0 | T692: =IF(N692<=2,1,0) -> 1 | U692: =IF(AND(N692>=1,N692<=3),1,0) -> 1 | V692: =IF(AND(N692>=2,N692<=5),1,0) -> 0 | W692: =IF(O692<=2,1,0) -> 1 | X692: =IF(AND(O692>=1,O692<=3),1,0) -> 1 | Y692: =IF(AND(O692>=2,O692<=5),1,0) -> 0 | Z692: =IF(P692>=2,1,0) -> 1
A693: =A692+1 -> 693 | B693: Ireland Premier Division | C693: 14 | D693: Fri | E693: 2026-05-01 | F693: 20:00 (21:00) | G693: Shamrock | H693: 1–0 | I693: Waterford United | J693: 4433 | K693: Tallaght Stadium | L693: Lucas Keating | M693: Match Report | N693: =VALUE(LEFT(H693,1)) -> 1 | O693: =VALUE(RIGHT(H693,1)) -> 0 | P693: =SUM(N693,O693) -> 1 | Q693: =IF(N693<>O693, 1, 0) -> 1 | R693: =IF(P693<=4,1,0) -> 1 | S693: =IF(AND(Q693=1,R693=1),1,0) -> 1 | T693: =IF(N693<=2,1,0) -> 1 | U693: =IF(AND(N693>=1,N693<=3),1,0) -> 1 | V693: =IF(AND(N693>=2,N693<=5),1,0) -> 0 | W693: =IF(O693<=2,1,0) -> 1 | X693: =IF(AND(O693>=1,O693<=3),1,0) -> 0 | Y693: =IF(AND(O693>=2,O693<=5),1,0) -> 0 | Z693: =IF(P693>=2,1,0) -> 0
A694: =A693+1 -> 694 | B694: Allsvenskan | C694: 6 | D694: Sat | E694: 2026-05-02 | F694: 15:00 | G694: Sirius | H694: 3–2 | I694: Kalmar | J694: 8780 | K694: Studenternas IP | L694: Richard Sundell | M694: Match Report | N694: =VALUE(LEFT(H694,1)) -> 3 | O694: =VALUE(RIGHT(H694,1)) -> 2 | P694: =SUM(N694,O694) -> 5 | Q694: =IF(N694<>O694, 1, 0) -> 1 | R694: =IF(P694<=4,1,0) -> 0 | S694: =IF(AND(Q694=1,R694=1),1,0) -> 0 | T694: =IF(N694<=2,1,0) -> 0 | U694: =IF(AND(N694>=1,N694<=3),1,0) -> 1 | V694: =IF(AND(N694>=2,N694<=5),1,0) -> 1 | W694: =IF(O694<=2,1,0) -> 1 | X694: =IF(AND(O694>=1,O694<=3),1,0) -> 1 | Y694: =IF(AND(O694>=2,O694<=5),1,0) -> 1 | Z694: =IF(P694>=2,1,0) -> 1
A695: =A694+1 -> 695 | B695: Allsvenskan | C695: 6 | D695: Sat | E695: 2026-05-02 | F695: 15:00 | G695: Degerfors | H695: 1–1 | I695: BK Häcken | J695: 4243 | K695: Stora Valla | L695: Joakim Sars | M695: Match Report | N695: =VALUE(LEFT(H695,1)) -> 1 | O695: =VALUE(RIGHT(H695,1)) -> 1 | P695: =SUM(N695,O695) -> 2 | Q695: =IF(N695<>O695, 1, 0) -> 0 | R695: =IF(P695<=4,1,0) -> 1 | S695: =IF(AND(Q695=1,R695=1),1,0) -> 0 | T695: =IF(N695<=2,1,0) -> 1 | U695: =IF(AND(N695>=1,N695<=3),1,0) -> 1 | V695: =IF(AND(N695>=2,N695<=5),1,0) -> 0 | W695: =IF(O695<=2,1,0) -> 1 | X695: =IF(AND(O695>=1,O695<=3),1,0) -> 1 | Y695: =IF(AND(O695>=2,O695<=5),1,0) -> 0 | Z695: =IF(P695>=2,1,0) -> 1
... A828: =A827+1 -> 828 | B828: Veikkausliiga | C828: 7 | D828: Mon | E828: 2026-05-18 | F828: 18:00 (17:00) | G828: Lahti | H828: 1–1 | I828: VPS | J828: 1902 | K828: Lahden Stadion | L828: Matti Roth | M828: Match Report | N828: =VALUE(LEFT(H828,1)) -> 1 | O828: =VALUE(RIGHT(H828,1)) -> 1 | P828: =SUM(N828,O828) -> 2 | Q828: =IF(N828<>O828, 1, 0) -> 0 | R828: =IF(P828<=4,1,0) -> 1 | S828: =IF(AND(Q828=1,R828=1),1,0) -> 0 | T828: =IF(N828<=2,1,0) -> 1 | U828: =IF(AND(N828>=1,N828<=3),1,0) -> 1 | V828: =IF(AND(N828>=2,N828<=5),1,0) -> 0 | W828: =IF(O828<=2,1,0) -> 1 | X828: =IF(AND(O828>=1,O828<=3),1,0) -> 1 | Y828: =IF(AND(O828>=2,O828<=5),1,0) -> 0 | Z828: =IF(P828>=2,1,0) -> 1
A829: =A828+1 -> 829 | B829: Allsvenskan | C829: 8 | D829: Tue | E829: 2026-05-19 | F829: 16:00 (15:00) | G829: Örgryte | H829: 2–3 | I829: Göteborg | K829: Salon Urheilupuisto Stadion | L829: Glenn Nyberg | M829: Match Report | N829: =VALUE(LEFT(H829,1)) -> 2 | O829: =VALUE(RIGHT(H829,1)) -> 3 | P829: =SUM(N829,O829) -> 5 | Q829: =IF(N829<>O829, 1, 0) -> 1 | R829: =IF(P829<=4,1,0) -> 0 | S829: =IF(AND(Q829=1,R829=1),1,0) -> 0 | T829: =IF(N829<=2,1,0) -> 1 | U829: =IF(AND(N829>=1,N829<=3),1,0) -> 1 | V829: =IF(AND(N829>=2,N829<=5),1,0) -> 1 | W829: =IF(O829<=2,1,0) -> 0 | X829: =IF(AND(O829>=1,O829<=3),1,0) -> 1 | Y829: =IF(AND(O829>=2,O829<=5),1,0) -> 1 | Z829: =IF(P829>=2,1,0) -> 1
A830: =A829+1 -> 830 | B830: Chinese Super League | C830: 13 | D830: Tue | E830: 2026-05-19 | F830: 19:35 (13:35) | G830: Jinmen Tiger | H830: 1–2 | I830: Henan | J830: 18739 | K830: TEDA Football Stadium | L830: Kai He | M830: Match Report | N830: =VALUE(LEFT(H830,1)) -> 1 | O830: =VALUE(RIGHT(H830,1)) -> 2 | P830: =SUM(N830,O830) -> 3 | Q830: =IF(N830<>O830, 1, 0) -> 1 | R830: =IF(P830<=4,1,0) -> 1 | S830: =IF(AND(Q830=1,R830=1),1,0) -> 1 | T830: =IF(N830<=2,1,0) -> 1 | U830: =IF(AND(N830>=1,N830<=3),1,0) -> 1 | V830: =IF(AND(N830>=2,N830<=5),1,0) -> 0 | W830: =IF(O830<=2,1,0) -> 1 | X830: =IF(AND(O830>=1,O830<=3),1,0) -> 1 | Y830: =IF(AND(O830>=2,O830<=5),1,0) -> 1 | Z830: =IF(P830>=2,1,0) -> 1
A831: =A830+1 -> 831 | B831: Chinese Super League | C831: 13 | D831: Tue | E831: 2026-05-19 | F831: 19:35 (13:35) | G831: SZ Peng City | H831: 1–1 | I831: Dalian Yingbo | J831: 15320 | K831: Shenzhen Sports Center Stadium | L831: Su Zihao | M831: Match Report | N831: =VALUE(LEFT(H831,1)) -> 1 | O831: =VALUE(RIGHT(H831,1)) -> 1 | P831: =SUM(N831,O831) -> 2 | Q831: =IF(N831<>O831, 1, 0) -> 0 | R831: =IF(P831<=4,1,0) -> 1 | S831: =IF(AND(Q831=1,R831=1),1,0) -> 0 | T831: =IF(N831<=2,1,0) -> 1 | U831: =IF(AND(N831>=1,N831<=3),1,0) -> 1 | V831: =IF(AND(N831>=2,N831<=5),1,0) -> 0 | W831: =IF(O831<=2,1,0) -> 1 | X831: =IF(AND(O831>=1,O831<=3),1,0) -> 1 | Y831: =IF(AND(O831>=2,O831<=5),1,0) -> 0 | Z831: =IF(P831>=2,1,0) -> 1
A832: =A831+1 -> 832 | B832: Chinese Super League | C832: 13 | D832: Tue | E832: 2026-05-19 | F832: 20:00 (14:00) | G832: Q. West Coast | H832: 1–1 | I832: Beijing Guoan | J832: 10633 | K832: Qingdao West Coast University City Stadi... | L832: Shen Yinhao | M832: Match Report | N832: =VALUE(LEFT(H832,1)) -> 1 | O832: =VALUE(RIGHT(H832,1)) -> 1 | P832: =SUM(N832,O832) -> 2 | Q832: =IF(N832<>O832, 1, 0) -> 0 | R832: =IF(P832<=4,1,0) -> 1 | S832: =IF(AND(Q832=1,R832=1),1,0) -> 0 | T832: =IF(N832<=2,1,0) -> 1 | U832: =IF(AND(N832>=1,N832<=3),1,0) -> 1 | V832: =IF(AND(N832>=2,N832<=5),1,0) -> 0 | W832: =IF(O832<=2,1,0) -> 1 | X832: =IF(AND(O832>=1,O832<=3),1,0) -> 1 | Y832: =IF(AND(O832>=2,O832<=5),1,0) -> 0 | Z832: =IF(P832>=2,1,0) -> 1
A833: =A832+1 -> 833 | B833: Chinese Super League | C833: 13 | D833: Tue | E833: 2026-05-19 | F833: 20:00 (14:00) | G833: Rongcheng | H833: 0–1 | I833: Shanghai Port | J833: 41452 | K833: Chengdu Phoenix Hill Stadium | L833: Li Haixin | M833: Match Report | N833: =VALUE(LEFT(H833,1)) -> 0 | O833: =VALUE(RIGHT(H833,1)) -> 1 | P833: =SUM(N833,O833) -> 1 | Q833: =IF(N833<>O833, 1, 0) -> 1 | R833: =IF(P833<=4,1,0) -> 1 | S833: =IF(AND(Q833=1,R833=1),1,0) -> 1 | T833: =IF(N833<=2,1,0) -> 1 | U833: =IF(AND(N833>=1,N833<=3),1,0) -> 0 | V833: =IF(AND(N833>=2,N833<=5),1,0) -> 0 | W833: =IF(O833<=2,1,0) -> 1 | X833: =IF(AND(O833>=1,O833<=3),1,0) -> 1 | Y833: =IF(AND(O833>=2,O833<=5),1,0) -> 0 | Z833: =IF(P833>=2,1,0) -> 0
A834: =A833+1 -> 834 | B834: Allsvenskan | C834: 15 | D834: Wed | E834: 2026-05-20 | F834: 20:00 (19:00) | G834: GAIS | H834: 2–0 | I834: Hammarby | J834: 10153 | K834: Salon Urheilupuisto Stadion | L834: Mohammed Al Hakim | M834: Match Report | N834: =VALUE(LEFT(H834,1)) -> 2 | O834: =VALUE(RIGHT(H834,1)) -> 0 | P834: =SUM(N834,O834) -> 2 | Q834: =IF(N834<>O834, 1, 0) -> 1 | R834: =IF(P834<=4,1,0) -> 1 | S834: =IF(AND(Q834=1,R834=1),1,0) -> 1 | T834: =IF(N834<=2,1,0) -> 1 | U834: =IF(AND(N834>=1,N834<=3),1,0) -> 1 | V834: =IF(AND(N834>=2,N834<=5),1,0) -> 1 | W834: =IF(O834<=2,1,0) -> 1 | X834: =IF(AND(O834>=1,O834<=3),1,0) -> 0 | Y834: =IF(AND(O834>=2,O834<=5),1,0) -> 0 | Z834: =IF(P834>=2,1,0) -> 1
A835: =A834+1 -> 835 | B835: Chinese Super League | C835: 13 | D835: Wed | E835: 2026-05-20 | F835: 19:00 (13:00) | G835: Shenyang Urban | H835: 2–1 | I835: Qingdao Hainiu | J835: 17520 | K835: Tiexi Stadium | L835: Yi Huang | M835: Match Report | N835: =VALUE(LEFT(H835,1)) -> 2 | O835: =VALUE(RIGHT(H835,1)) -> 1 | P835: =SUM(N835,O835) -> 3 | Q835: =IF(N835<>O835, 1, 0) -> 1 | R835: =IF(P835<=4,1,0) -> 1 | S835: =IF(AND(Q835=1,R835=1),1,0) -> 1 | T835: =IF(N835<=2,1,0) -> 1 | U835: =IF(AND(N835>=1,N835<=3),1,0) -> 1 | V835: =IF(AND(N835>=2,N835<=5),1,0) -> 1 | W835: =IF(O835<=2,1,0) -> 1 | X835: =IF(AND(O835>=1,O835<=3),1,0) -> 1 | Y835: =IF(AND(O835>=2,O835<=5),1,0) -> 0 | Z835: =IF(P835>=2,1,0) -> 1
A836: =A835+1 -> 836 | B836: Chinese Super League | C836: 13 | D836: Wed | E836: 2026-05-20 | F836: 19:35 (13:35) | G836: Shanghai Shen | H836: 2–2 | I836: Wuhan 3 Towns | J836: 28857 | K836: Shanghai Stadium | L836: Zhang Yangfan | M836: Match Report | N836: =VALUE(LEFT(H836,1)) -> 2 | O836: =VALUE(RIGHT(H836,1)) -> 2 | P836: =SUM(N836,O836) -> 4 | Q836: =IF(N836<>O836, 1, 0) -> 0 | R836: =IF(P836<=4,1,0) -> 1 | S836: =IF(AND(Q836=1,R836=1),1,0) -> 0 | T836: =IF(N836<=2,1,0) -> 1 | U836: =IF(AND(N836>=1,N836<=3),1,0) -> 1 | V836: =IF(AND(N836>=2,N836<=5),1,0) -> 1 | W836: =IF(O836<=2,1,0) -> 1 | X836: =IF(AND(O836>=1,O836<=3),1,0) -> 1 | Y836: =IF(AND(O836>=2,O836<=5),1,0) -> 1 | Z836: =IF(P836>=2,1,0) -> 1
A837: =A836+1 -> 837 | B837: Chinese Super League | C837: 13 | D837: Wed | E837: 2026-05-20 | F837: 20:00 (14:00) | G837: Zhejiang | H837: 4–1 | I837: SD Taishan | J837: 18901 | K837: Yellow Dragon Sports Center | L837: Qiu Zhaojun | M837: Match Report | N837: =VALUE(LEFT(H837,1)) -> 4 | O837: =VALUE(RIGHT(H837,1)) -> 1 | P837: =SUM(N837,O837) -> 5 | Q837: =IF(N837<>O837, 1, 0) -> 1 | R837: =IF(P837<=4,1,0) -> 0 | S837: =IF(AND(Q837=1,R837=1),1,0) -> 0 | T837: =IF(N837<=2,1,0) -> 0 | U837: =IF(AND(N837>=1,N837<=3),1,0) -> 0 | V837: =IF(AND(N837>=2,N837<=5),1,0) -> 1 | W837: =IF(O837<=2,1,0) -> 1 | X837: =IF(AND(O837>=1,O837<=3),1,0) -> 1 | Y837: =IF(AND(O837>=2,O837<=5),1,0) -> 0 | Z837: =IF(P837>=2,1,0) -> 1
A838: =A837+1 -> 838 | B838: Chinese Super League | C838: 13 | D838: Wed | E838: 2026-05-20 | F838: 20:00 (14:00) | G838: Chongqing | H838: 0–0 | I838: Yunnan Yukun | J838: 38570 | K838: Chongqing Longxing Football Stadium | L838: Ai Kun | M838: Match Report | N838: =VALUE(LEFT(H838,1)) -> 0 | O838: =VALUE(RIGHT(H838,1)) -> 0 | P838: =SUM(N838,O838) -> 0 | Q838: =IF(N838<>O838, 1, 0) -> 0 | R838: =IF(P838<=4,1,0) -> 1 | S838: =IF(AND(Q838=1,R838=1),1,0) -> 0 | T838: =IF(N838<=2,1,0) -> 1 | U838: =IF(AND(N838>=1,N838<=3),1,0) -> 0 | V838: =IF(AND(N838>=2,N838<=5),1,0) -> 0 | W838: =IF(O838<=2,1,0) -> 1 | X838: =IF(AND(O838>=1,O838<=3),1,0) -> 0 | Y838: =IF(AND(O838>=2,O838<=5),1,0) -> 0 | Z838: =IF(P838>=2,1,0) -> 0
A839: =A838+1 -> 839 | B839: Eliteserien | C839: 8 | D839: Wed | E839: 2026-05-20 | F839: 18:00 | G839: Start | H839: 1–4 | I839: Bodø/Glimt | J839: 10494 | K839: Sparebanken Sør Arena | L839: Marius Lien | M839: Match Report | N839: =VALUE(LEFT(H839,1)) -> 1 | O839: =VALUE(RIGHT(H839,1)) -> 4 | P839: =SUM(N839,O839) -> 5 | Q839: =IF(N839<>O839, 1, 0) -> 1 | R839: =IF(P839<=4,1,0) -> 0 | S839: =IF(AND(Q839=1,R839=1),1,0) -> 0 | T839: =IF(N839<=2,1,0) -> 1 | U839: =IF(AND(N839>=1,N839<=3),1,0) -> 1 | V839: =IF(AND(N839>=2,N839<=5),1,0) -> 0 | W839: =IF(O839<=2,1,0) -> 0 | X839: =IF(AND(O839>=1,O839<=3),1,0) -> 0 | Y839: =IF(AND(O839>=2,O839<=5),1,0) -> 1 | Z839: =IF(P839>=2,1,0) -> 1
A840: =A839+1 -> 840 | B840: Eliteserien | C840: 2 | D840: Wed | E840: 2026-05-20 | F840: 19:45 | G840: Lillestrøm | H840: 1–2 | I840: Kristiansund | J840: 5802 | K840: Åråsen Stadion | L840: Sivert Øksnes Amland | M840: Match Report | N840: =VALUE(LEFT(H840,1)) -> 1 | O840: =VALUE(RIGHT(H840,1)) -> 2 | P840: =SUM(N840,O840) -> 3 | Q840: =IF(N840<>O840, 1, 0) -> 1 | R840: =IF(P840<=4,1,0) -> 1 | S840: =IF(AND(Q840=1,R840=1),1,0) -> 1 | T840: =IF(N840<=2,1,0) -> 1 | U840: =IF(AND(N840>=1,N840<=3),1,0) -> 1 | V840: =IF(AND(N840>=2,N840<=5),1,0) -> 0 | W840: =IF(O840<=2,1,0) -> 1 | X840: =IF(AND(O840>=1,O840<=3),1,0) -> 1 | Y840: =IF(AND(O840>=2,O840<=5),1,0) -> 1 | Z840: =IF(P840>=2,1,0) -> 1
A841: =A840+1 -> 841 | B841: Eliteserien | C841: 8 | D841: Wed | E841: 2026-05-20 | F841: 20:00 | G841: Aalesund | H841: 2–1 | I841: Brann | J841: 5003 | K841: Color Line Stadion | L841: Jørgen Haugen | M841: Match Report | N841: =VALUE(LEFT(H841,1)) -> 2 | O841: =VALUE(RIGHT(H841,1)) -> 1 | P841: =SUM(N841,O841) -> 3 | Q841: =IF(N841<>O841, 1, 0) -> 1 | R841: =IF(P841<=4,1,0) -> 1 | S841: =IF(AND(Q841=1,R841=1),1,0) -> 1 | T841: =IF(N841<=2,1,0) -> 1 | U841: =IF(AND(N841>=1,N841<=3),1,0) -> 1 | V841: =IF(AND(N841>=2,N841<=5),1,0) -> 1 | W841: =IF(O841<=2,1,0) -> 1 | X841: =IF(AND(O841>=1,O841<=3),1,0) -> 1 | Y841: =IF(AND(O841>=2,O841<=5),1,0) -> 0 | Z841: =IF(P841>=2,1,0) -> 1
...

Sheet Classifica
A1: Campionato | B1: Rk | C1: Squad | D1: MP | E1: W | F1: D | G1: L | H1: GF | I1: GA | J1: GD | K1: Pts | L1: Pts/MP | M1: Last 5 | N1: Attendance | O1: Top Team Scorer | P1: Goalkeeper | Q1: Notes | R1: Rk
A2: Allsvenskan | B2: 1 | C2: Sirius | D2: 12 | E2: 10 | F2: 2 | G2: 0 | H2: 33 | I2: 15 | J2: 18 | K2: 32 | L2: 2.67 | M2: W W W D W | N2: 9213 | O2: Robbie Ure - 12 | P2: David Celic | R2: 1
A3: Allsvenskan | B3: 2 | C3: Hammarby | D3: 13 | E3: 7 | F3: 2 | G3: 4 | H3: 28 | I3: 14 | J3: 14 | K3: 23 | L3: 1.77 | M3: L L L W W | N3: 26096 | O3: Paulos Abraham - 7 | P3: Warner Hahn | R3: 2
A4: Allsvenskan | B4: 3 | C4: AIK Stockholm | D4: 13 | E4: 6 | F4: 3 | G4: 4 | H4: 18 | I4: 18 | J4: 0 | K4: 21 | L4: 1.62 | M4: W L W W W | N4: 33123 | O4: Johan Hove - 4 | P4: Kristoffer Nordfeldt | R4: 3
A5: Allsvenskan | B5: 4 | C5: BK Häcken | D5: 12 | E5: 5 | F5: 5 | G5: 2 | H5: 25 | I5: 22 | J5: 3 | K5: 20 | L5: 1.67 | M5: W D W L L | N5: 5398 | O5: Gustav Lindgren - 5 | P5: Andreas Linde | R5: 4
A6: Allsvenskan | B6: 5 | C6: Djurgården | D6: 11 | E6: 6 | F6: 1 | G6: 4 | H6: 26 | I6: 15 | J6: 11 | K6: 19 | L6: 1.73 | M6: W L L W W | N6: 23861 | O6: Kristian Strømland Lien - 7 | P6: Jacob Rinne | R6: 5
A7: Allsvenskan | B7: 6 | C7: Malmö | D7: 12 | E7: 6 | F7: 1 | G7: 5 | H7: 25 | I7: 20 | J7: 5 | K7: 19 | L7: 1.58 | M7: L L W W W | N7: 18728 | O7: Erik Botheim - 10 | P7: Robin Olsen | R7: 6
A8: Allsvenskan | B8: 7 | C8: GAIS | D8: 14 | E8: 5 | F8: 4 | G8: 5 | H8: 18 | I8: 14 | J8: 4 | K8: 19 | L8: 1.36 | M8: L W D W L | N8: 11339 | O8: Samuel Salter, Robert Þorkelsson - 3 | P8: Mergim Krasniqi | R8: 7
A9: Allsvenskan | B9: 8 | C9: Västerås | D9: 13 | E9: 5 | F9: 4 | G9: 4 | H9: 22 | I9: 23 | J9: -1 | K9: 19 | L9: 1.46 | M9: W L W W D | N9: 7046 | O9: Mikkel Ladefoged - 9 | P9: Elis Jäger | R9: 8
A10: Allsvenskan | B10: 9 | C10: Elfsborg | D10: 13 | E10: 4 | F10: 6 | G10: 3 | H10: 17 | I10: 14 | J10: 3 | K10: 18 | L10: 1.38 | M10: D D D L L | N10: 9364 | O10: Leo Östman - 4 | P10: Isak Pettersson | R10: 9
A11: Allsvenskan | B11: 10 | C11: Mjällby | D11: 13 | E11: 4 | F11: 5 | G11: 4 | H11: 19 | I11: 17 | J11: 2 | K11: 17 | L11: 1.31 | M11: D D D L D | N11: 4509 | O11: Jacob Bergström - 5 | P11: Robin Wallinder | R11: 10
A12: Allsvenskan | B12: 11 | C12: Brommapojkarna | D12: 13 | E12: 4 | F12: 4 | G12: 5 | H12: 18 | I12: 21 | J12: -3 | K12: 16 | L12: 1.23 | M12: W D D L L | N12: 2055 | O12: Mads Hansen - 4 | P12: Leo Cavallius | R12: 11
A13: Allsvenskan | B13: 12 | C13: Kalmar | D13: 12 | E13: 4 | F13: 1 | G13: 7 | H13: 14 | I13: 17 | J13: -3 | K13: 13 | L13: 1.08 | M13: L W L W L | N13: 4835 | O13: Charlie Rosenquist - 5 | P13: Samuel Brolin, Jakob Kindberg | R13: 12
... A17: Allsvenskan | B17: 16 | C17: Halmstad | D17: 12 | E17: 1 | F17: 3 | G17: 8 | H17: 10 | I17: 26 | J17: -16 | K17: 6 | L17: 0.5 | M17: D W L L L | N17: 5517 | O17: Omar Faraj - 3 | P17: Tim Rönning | R17: 16
A18: Austria Bundesliga | B18: 1 | C18: LASK | D18: 0 | E18: 0 | F18: 0 | G18: 0 | H18: 0 | I18: 0 | J18: 0 | K18: 0 | R18: 1
A19: Austria Bundesliga | B19: 2 | C19: Sturm Graz | D19: 0 | E19: 0 | F19: 0 | G19: 0 | H19: 0 | I19: 0 | J19: 0 | K19: 0 | R19: 2
A20: Austria Bundesliga | B20: 3 | C20: Rapid Wien | D20: 0 | E20: 0 | F20: 0 | G20: 0 | H20: 0 | I20: 0 | J20: 0 | K20: 0 | R20: 3
A21: Austria Bundesliga | B21: 4 | C21: Austria Wien | D21: 0 | E21: 0 | F21: 0 | G21: 0 | H21: 0 | I21: 0 | J21: 0 | K21: 0 | R21: 4
A22: Austria Bundesliga | B22: 5 | C22: RB Salzburg | D22: 0 | E22: 0 | F22: 0 | G22: 0 | H22: 0 | I22: 0 | J22: 0 | K22: 0 | R22: 5
A23: Austria Bundesliga | B23: 6 | C23: Grazer AK | D23: 0 | E23: 0 | F23: 0 | G23: 0 | H23: 0 | I23: 0 | J23: 0 | K23: 0 | R23: 6
A24: Austria Bundesliga
A25: Austria Bundesliga | B25: 7 | C25: Ried | D25: 0 | E25: 0 | F25: 0 | G25: 0 | H25: 0 | I25: 0 | J25: 0 | K25: 0 | R25: 7
A26: Austria Bundesliga | B26: 8 | C26: WSG Tirol | D26: 0 | E26: 0 | F26: 0 | G26: 0 | H26: 0 | I26: 0 | J26: 0 | K26: 0 | R26: 8
A27: Austria Bundesliga | B27: 9 | C27: Austria Lustenau | D27: 0 | E27: 0 | F27: 0 | G27: 0 | H27: 0 | I27: 0 | J27: 0 | K27: 0 | R27: 9
A28: Austria Bundesliga | B28: 10 | C28: Rheindorf Altach | D28: 0 | E28: 0 | F28: 0 | G28: 0 | H28: 0 | I28: 0 | J28: 0 | K28: 0 | R28: 10
A29: Austria Bundesliga | B29: 11 | C29: RZ Pellets WAC | D29: 0 | E29: 0 | F29: 0 | G29: 0 | H29: 0 | I29: 0 | J29: 0 | K29: 0 | R29: 11
A30: Austria Bundesliga | B30: 12 | C30: Hartberg | D30: 0 | E30: 0 | F30: 0 | G30: 0 | H30: 0 | I30: 0 | J30: 0 | K30: 0 | R30: 12
A31: Chinese Super League | B31: 1 | C31: Rongcheng | D31: 19 | E31: 13 | F31: 4 | G31: 2 | H31: 39 | I31: 18 | J31: 21 | K31: 43 | L31: 2.26 | M31: W W D D D | N31: 41363 | O31: Felipe Sousa - 11 | P31: Liu Dianzuo | R31: 1
A32: Chinese Super League | B32: 2 | C32: Chongqing | D32: 19 | E32: 7 | F32: 8 | G32: 4 | H32: 23 | I32: 21 | J32: 2 | K32: 29 | L32: 1.53 | M32: L W L D D | N32: 37364 | O32: Landry Dimata - 7 | P32: Yao Haoyang | R32: 2
A33: Chinese Super League | B33: 3 | C33: Dalian Yingbo | D33: 18 | E33: 9 | F33: 1 | G33: 8 | H33: 28 | I33: 32 | J33: -4 | K33: 28 | L33: 1.56 | M33: W L L W W | N33: 61036 | O33: Cephas Malele - 8 | P33: Huang Zihao | R33: 3
A34: Chinese Super League | B34: 4 | C34: Q. West Coast | D34: 19 | E34: 5 | F34: 10 | G34: 4 | H34: 23 | I34: 29 | J34: -6 | K34: 25 | L34: 1.32 | M34: D W W L D | N34: 15742 | O34: Nelson - 8 | P34: Li Hao | R34: 4
A35: Chinese Super League | B35: 5 | C35: Yunnan Yukun | D35: 19 | E35: 7 | F35: 4 | G35: 8 | H35: 36 | I35: 35 | J35: 1 | K35: 25 | L35: 1.32 | M35: D L W L D | N35: 20848 | O35: Oscar Maritu - 13 | P35: Wang Zhifeng | R35: 5
A36: Chinese Super League | B36: 6 | C36: SD Taishan | D36: 19 | E36: 9 | F36: 3 | G36: 7 | H36: 35 | I36: 34 | J36: 1 | K36: 30 | L36: 1.58 | M36: L W L W L | N36: 27400 | O36: Cryzan - 11 | P36: Wang Dalei | R36: 6
A37: Chinese Super League | B37: 7 | C37: Beijing Guoan | D37: 18 | E37: 7 | F37: 6 | G37: 5 | H37: 30 | I37: 24 | J37: 6 | K37: 27 | L37: 1.5 | M37: L W W W D | N37: 48689 | O37: Zhang Yuning - 7 | P37: Hou Sen | R37: 7
A38: Chinese Super League | B38: 8 | C38: Shenyang Urban | D38: 18 | E38: 6 | F38: 3 | G38: 9 | H38: 25 | I38: 30 | J38: -5 | K38: 21 | L38: 1.17 | M38: W W L W D | N38: 28082 | O38: Guy Mbenza - 9 | P38: Han Rongze, Zhang Yan | R38: 8
A39: Chinese Super League | B39: 9 | C39: Zhejiang | D39: 19 | E39: 7 | F39: 5 | G39: 7 | H39: 27 | I39: 32 | J39: -5 | K39: 26 | L39: 1.37 | M39: W L L W D | N39: 23933 | O39: Wang Yudong - 7 | P39: Zhao Bo | R39: 9
A40: Chinese Super League | B40: 10 | C40: SZ Peng City | D40: 19 | E40: 6 | F40: 2 | G40: 11 | H40: 25 | I40: 33 | J40: -8 | K40: 20 | L40: 1.05 | M40: W L L W L | N40: 20437 | O40: Wesley Moraes - 8 | P40: Peng Peng | R40: 10
A41: Chinese Super League | B41: 11 | C41: Shanghai Shen | D41: 18 | E41: 8 | F41: 5 | G41: 5 | H41: 36 | I41: 29 | J41: 7 | K41: 29 | L41: 1.61 | M41: L D W W L | N41: 41129 | O41: Rafael Ratão - 13 | P41: Xue Qinghao | R41: 11
A42: Chinese Super League | B42: 12 | C42: Henan | D42: 18 | E42: 7 | F42: 3 | G42: 8 | H42: 23 | I42: 23 | J42: 0 | K42: 24 | L42: 1.33 | M42: W L L L W | N42: 19136 | O42: Bruno Nazário, Gustavo - 7 | P42: Wang Guoming | R42: 12
... A46: Chinese Super League | B46: 16 | C46: Wuhan 3 Towns | D46: 18 | E46: 3 | F46: 7 | G46: 8 | H46: 26 | I46: 34 | J46: -8 | K46: 16 | L46: 0.89 | M46: D D L L W | N46: 19494 | O46: Jhonder Cádiz - 13 | P46: Fang Jingqi | R46: 16
A47: Danish Superliga | B47: 1 | C47: FC Copenhagen | D47: 0 | E47: 0 | F47: 0 | G47: 0 | H47: 0 | I47: 0 | J47: 0 | K47: 0 | R47: 1
A48: Danish Superliga | B48: 2 | C48: Viborg | D48: 0 | E48: 0 | F48: 0 | G48: 0 | H48: 0 | I48: 0 | J48: 0 | K48: 0 | R48: 2
A49: Danish Superliga | B49: 3 | C49: Brøndby | D49: 0 | E49: 0 | F49: 0 | G49: 0 | H49: 0 | I49: 0 | J49: 0 | K49: 0 | R49: 3
A50: Danish Superliga | B50: 4 | C50: Randers | D50: 0 | E50: 0 | F50: 0 | G50: 0 | H50: 0 | I50: 0 | J50: 0 | K50: 0 | R50: 4
A51: Danish Superliga | B51: 5 | C51: Nordsjælland | D51: 0 | E51: 0 | F51: 0 | G51: 0 | H51: 0 | I51: 0 | J51: 0 | K51: 0 | R51: 5
A52: Danish Superliga | B52: 6 | C52: Midtjylland | D52: 0 | E52: 0 | F52: 0 | G52: 0 | H52: 0 | I52: 0 | J52: 0 | K52: 0 | R52: 6
A53: Danish Superliga
A54: Danish Superliga | B54: 7 | C54: AGF | D54: 0 | E54: 0 | F54: 0 | G54: 0 | H54: 0 | I54: 0 | J54: 0 | K54: 0 | R54: 7
A55: Danish Superliga | B55: 8 | C55: Odense | D55: 0 | E55: 0 | F55: 0 | G55: 0 | H55: 0 | I55: 0 | J55: 0 | K55: 0 | R55: 8
A56: Danish Superliga | B56: 9 | C56: SønderjyskE | D56: 0 | E56: 0 | F56: 0 | G56: 0 | H56: 0 | I56: 0 | J56: 0 | K56: 0 | R56: 9
A57: Danish Superliga | B57: 10 | C57: Lyngby | D57: 0 | E57: 0 | F57: 0 | G57: 0 | H57: 0 | I57: 0 | J57: 0 | K57: 0 | R57: 10
A58: Danish Superliga | B58: 11 | C58: Horsens | D58: 0 | E58: 0 | F58: 0 | G58: 0 | H58: 0 | I58: 0 | J58: 0 | K58: 0 | R58: 11
A59: Danish Superliga | B59: 12 | C59: Silkeborg | D59: 0 | E59: 0 | F59: 0 | G59: 0 | H59: 0 | I59: 0 | J59: 0 | K59: 0 | R59: 12
A60: Eliteserien | B60: 1 | C60: Tromsø | D60: 15 | E60: 9 | F60: 4 | G60: 2 | H60: 26 | I60: 15 | J60: 11 | K60: 31 | L60: 2.07 | M60: L D D W W | N60: 5164 | O60: Jens Hjertø-Dahl - 7 | P60: Jakob Haugaard | R60: 1
A61: Eliteserien | B61: 2 | C61: Viking | D61: 12 | E61: 10 | F61: 0 | G61: 2 | H61: 31 | I61: 12 | J61: 19 | K61: 30 | L61: 2.5 | M61: W W W L W | N61: 15821 | O61: Peter Christiansen - 6 | P61: Ľubomír Belko | R61: 2
A62: Eliteserien | B62: 3 | C62: Bodø/Glimt | D62: 13 | E62: 9 | F62: 2 | G62: 2 | H62: 31 | I62: 11 | J62: 20 | K62: 29 | L62: 2.23 | M62: W W D W W | N62: 6831 | O62: Kasper Waarst Høgh - 7 | P62: Nikita Haikin | R62: 3
A63: Eliteserien | B63: 4 | C63: Lillestrøm | D63: 13 | E63: 8 | F63: 1 | G63: 4 | H63: 21 | I63: 12 | J63: 9 | K63: 25 | L63: 1.92 | M63: W L L W W | N63: 7830 | O63: Thomas Lehne Olsen, Markus Karlsbakk... - 4 | P63: Pontus Dahlberg | R63: 4
A64: Eliteserien | B64: 5 | C64: Molde | D64: 13 | E64: 6 | F64: 2 | G64: 5 | H64: 21 | I64: 17 | J64: 4 | K64: 20 | L64: 1.54 | M64: W L W D L | N64: 6747 | O64: Emil Breivik - 6 | P64: Albert Posiadala | R64: 5
A65: Eliteserien | B65: 6 | C65: Brann | D65: 14 | E65: 6 | F65: 1 | G65: 7 | H65: 28 | I65: 22 | J65: 6 | K65: 19 | L65: 1.36 | M65: L L L W W | N65: 15690 | O65: Noah Holm - 5 | P65: Mathias Dyngeland, Simen Nilsen | R65: 6
A66: Eliteserien | B66: 7 | C66: HamKam | D66: 12 | E66: 5 | F66: 3 | G66: 4 | H66: 20 | I66: 22 | J66: -2 | K66: 18 | L66: 1.5 | M66: L W D D L | N66: 4594 | O66: Mame Alassane Niang - 6 | P66: Marcus Sandberg | R66: 7
A67: Eliteserien | B67: 8 | C67: Sarpsborg 08 | D67: 13 | E67: 5 | F67: 3 | G67: 5 | H67: 14 | I67: 16 | J67: -2 | K67: 18 | L67: 1.38 | M67: L W W W D | N67: 5786 | O67: Daniel Karlsbakk - 4 | P67: Mamour Ndiaye | R67: 8
A68: Eliteserien | B68: 9 | C68: Vålerenga | D68: 13 | E68: 5 | F68: 2 | G68: 6 | H68: 19 | I68: 22 | J68: -3 | K68: 17 | L68: 1.31 | M68: W L W L W | N68: 10482 | O68: Lucas Haren - 5 | P68: Oscar Hedvall | R68: 9
A69: Eliteserien | B69: 10 | C69: Rosenborg | D69: 13 | E69: 4 | F69: 3 | G69: 6 | H69: 15 | I69: 18 | J69: -3 | K69: 15 | L69: 1.15 | M69: L L D W W | N69: 13410 | O69: Amin Chiakha - 5 | P69: Leopold Wahlstedt | R69: 10
A70: Eliteserien | B70: 11 | C70: Sandefjord | D70: 13 | E70: 4 | F70: 3 | G70: 6 | H70: 13 | I70: 17 | J70: -4 | K70: 15 | L70: 1.15 | M70: L D L D L | N70: 4153 | O70: Evangelos Patoulidis, Nikolaj Moller - 3 | P70: Elias Hadaya | R70: 11
A71: Eliteserien | B71: 12 | C71: Fredrikstad | D71: 13 | E71: 4 | F71: 2 | G71: 7 | H71: 15 | I71: 23 | J71: -8 | K71: 14 | L71: 1.08 | M71: W D W L L | N71: 8721 | O71: Daniel Eid, Oskar Øhlenschlæger... - 2 | P71: Martin Børsheim | R71: 12
... A85: Ireland Premier Division | B85: 10 | C85: Sligo Rovers | D85: 24 | E85: 5 | F85: 5 | G85: 14 | H85: 20 | I85: 40 | J85: -20 | K85: 20 | L85: 0.83 | M85: L L D L L | N85: 2665 | O85: William Fitzgerald - 5 | P85: Sam Sargeant | R85: 10
A86: J1 League | B86: 1 | C86: Kashima Antlers | D86: 38 | E86: 23 | F86: 7 | G86: 8 | H86: 58 | I86: 31 | J86: 27 | K86: 76 | L86: 2 | N86: 27401 | O86: Leonardo - 21 | P86: Tomoki Hayakawa | R86: 1
A87: J1 League | B87: 2 | C87: Kashiwa Reysol | D87: 38 | E87: 21 | F87: 12 | G87: 5 | H87: 60 | I87: 34 | J87: 26 | K87: 75 | L87: 1.97 | N87: 13017 | O87: Mao Hosoya - 11 | P87: Ryosuke Kojima | R87: 2
A88: J1 League | B88: 3 | C88: Kyoto Sanga | D88: 38 | E88: 19 | F88: 11 | G88: 8 | H88: 62 | I88: 40 | J88: 22 | K88: 68 | L88: 1.79 | N88: 16538 | O88: Rafael Elias - 18 | P88: Gakuji Ota | R88: 3
A89: J1 League | B89: 4 | C89: Sanf. Hiroshima | D89: 38 | E89: 20 | F89: 8 | G89: 10 | H89: 46 | I89: 28 | J89: 18 | K89: 68 | L89: 1.79 | N89: 25585 | O89: Sota Nakamura, Kosuke Kinoshita - 6 | P89: Keisuke Ōsako | R89: 4
A90: J1 League | B90: 5 | C90: Vissel Kobe | D90: 38 | E90: 18 | F90: 10 | G90: 10 | H90: 46 | I90: 33 | J90: 13 | K90: 64 | L90: 1.68 | N90: 21099 | O90: Taisei Miyashiro - 11 | P90: Daiya Maekawa | R90: 5
A91: J1 League | B91: 6 | C91: Machida Zelvia | D91: 38 | E91: 17 | F91: 9 | G91: 12 | H91: 52 | I91: 38 | J91: 14 | K91: 60 | L91: 1.58 | N91: 14018 | O91: Yuki Soma - 9 | P91: Kosei Tani | R91: 6
A92: J1 League | B92: 7 | C92: Urawa Reds | D92: 38 | E92: 16 | F92: 11 | G92: 11 | H92: 45 | I92: 39 | J92: 6 | K92: 59 | L92: 1.55 | N92: 37350 | O92: Ryoma Watanabe - 7 | P92: Shusaku Nishikawa | R92: 7
A93: J1 League | B93: 8 | C93: Kawasaki F. | D93: 38 | E93: 15 | F93: 12 | G93: 11 | H93: 67 | I93: 57 | J93: 10 | K93: 57 | L93: 1.5 | N93: 22050 | O93: Tatsuya Ito - 13 | P93: Louis Yamaguchi | R93: 8
A94: J1 League | B94: 9 | C94: Gamba Osaka | D94: 38 | E94: 17 | F94: 6 | G94: 15 | H94: 53 | I94: 55 | J94: -2 | K94: 57 | L94: 1.5 | N94: 29862 | O94: Takashi Usami - 8 | P94: Jun Ichimori | R94: 9
A95: J1 League | B95: 10 | C95: Cerezo Osaka | D95: 38 | E95: 14 | F95: 10 | G95: 14 | H95: 60 | I95: 57 | J95: 3 | K95: 52 | L95: 1.37 | N95: 18654 | O95: Rafael Ratão - 18 | P95: Koki Fukui | R95: 10
A96: J1 League | B96: 11 | C96: FC Tokyo | D96: 38 | E96: 13 | F96: 11 | G96: 14 | H96: 41 | I96: 48 | J96: -7 | K96: 50 | L96: 1.32 | N96: 31590 | O96: Marcelo Ryan - 8 | P96: Taishi Nozawa | R96: 11
A97: J1 League | B97: 12 | C97: Avispa Fukuoka | D97: 38 | E97: 12 | F97: 12 | G97: 14 | H97: 34 | I97: 38 | J97: -4 | K97: 48 | L97: 1.26 | N97: 10031 | O97: Tomoya Miki - 6 | P97: Yuma Obata | R97: 12
... A102: J1 League | B102: 17 | C102: Tokyo Verdy | D102: 38 | E102: 11 | F102: 10 | G102: 17 | H102: 23 | I102: 41 | J102: -18 | K102: 43 | L102: 1.13 | N102: 21121 | O102: Itsuki Someno - 5 | P102: Matheus Vidotto | R102: 17
A103: J1 League | B103: 18 | C103: Yokohama FC | D103: 38 | E103: 9 | F103: 8 | G103: 21 | H103: 27 | I103: 45 | J103: -18 | K103: 35 | L103: 0.92 | N103: 10159 | O103: Soromon Sakuragawa - 4 | P103: Akinori Ichikawa | Q103: Relegated | R103: 18
A104: J1 League | B104: 19 | C104: Shonan Bellmare | D104: 38 | E104: 8 | F104: 8 | G104: 22 | H104: 36 | I104: 63 | J104: -27 | K104: 32 | L104: 0.84 | N104: 11430 | O104: Akito Suzuki - 9 | P104: Naoto Kamifukumoto | Q104: Relegated | R104: 19
A105: J1 League | B105: 20 | C105: Albirex Niigata | D105: 38 | E105: 4 | F105: 12 | G105: 22 | H105: 36 | I105: 67 | J105: -31 | K105: 24 | L105: 0.63 | N105: 22601 | O105: Motoki Hasegawa - 7 | P105: Kazuki Fujita | Q105: Relegated | R105: 20
A106: K League 1 | B106: 1 | C106: FC Seoul | D106: 17 | E106: 11 | F106: 3 | G106: 3 | H106: 28 | I106: 12 | J106: 16 | K106: 36 | L106: 2.12 | M106: L W W W D | N106: 23686 | O106: Patryk Klimala - 5 | P106: Gu Sung-yun | R106: 1
A107: K League 1 | B107: 2 | C107: Gangwon FC | D107: 18 | E107: 8 | F107: 7 | G107: 3 | H107: 23 | I107: 11 | J107: 12 | K107: 31 | L107: 1.72 | M107: W W W D W | N107: 6564 | O107: Kim Daewon - 7 | P107: Park Chung-hyo | R107: 2
A108: K League 1 | B108: 3 | C108: Jeonbuk | D108: 18 | E108: 8 | F108: 5 | G108: 5 | H108: 25 | I108: 16 | J108: 9 | K108: 29 | L108: 1.61 | M108: D W L W L | N108: 17225 | O108: Lee Seung-woo - 5 | P108: Song Bum-keun | R108: 3
A109: K League 1 | B109: 4 | C109: Ulsan HD | D109: 18 | E109: 8 | F109: 4 | G109: 6 | H109: 26 | I109: 26 | J109: 0 | K109: 28 | L109: 1.56 | M109: W L D L D | N109: 12167 | O109: Yago Cariello - 8 | P109: Jo Hyeon-woo | R109: 4
A110: K League 1 | B110: 5 | C110: Pohang Steelers | D110: 18 | E110: 8 | F110: 4 | G110: 6 | H110: 19 | I110: 16 | J110: 3 | K110: 28 | L110: 1.56 | M110: W L W W L | N110: 7309 | O110: Lee Hojae - 8 | P110: Hwang Injae | R110: 5
A111: K League 1 | B111: 6 | C111: Incheon United | D111: 18 | E111: 7 | F111: 3 | G111: 8 | H111: 22 | I111: 19 | J111: 3 | K111: 24 | L111: 1.33 | M111: L W L L W | N111: 10519 | O111: Stefan Mugoša - 7 | P111: Kim Dongheon | R111: 6
A112: K League 1
A113: K League 1 | B113: 7 | C113: FC Anyang | D113: 17 | E113: 5 | F113: 8 | G113: 4 | H113: 22 | I113: 19 | J113: 3 | K113: 23 | L113: 1.35 | M113: D D W L W | N113: 8305 | O113: Matheus Oliveira Santos, Airton - 5 | P113: Kim JeongHoon | R113: 7
A114: K League 1 | B114: 8 | C114: Jeju United | D114: 18 | E114: 6 | F114: 5 | G114: 7 | H114: 16 | I114: 18 | J114: -2 | K114: 23 | L114: 1.28 | M114: L L D D W | N114: 5612 | O114: Park Changjun, Emerson Negueba - 2 | P114: Kim Dong-jun | R114: 8
A115: K League 1 | B115: 9 | C115: Daejeon Hana | D115: 18 | E115: 4 | F115: 7 | G115: 7 | H115: 21 | I115: 20 | J115: 1 | K115: 19 | L115: 1.06 | M115: L L D D D | N115: 8968 | O115: Jeong Jae-hee, Seo Jinsu - 4 | P115: Lee Chang-keun | R115: 9
A116: K League 1 | B116: 10 | C116: Bucheon FC | D116: 17 | E116: 4 | F116: 7 | G116: 6 | H116: 14 | I116: 18 | J116: -4 | K116: 19 | L116: 1.12 | M116: L D W D D | N116: 7127 | O116: Jefferson Galego - 4 | P116: Kim Hyung-keun | R116: 10
A117: K League 1 | B117: 11 | C117: Sangmu | D117: 18 | E117: 2 | F117: 10 | G117: 6 | H117: 17 | I117: 25 | J117: -8 | K117: 16 | L117: 0.89 | M117: D L D D L | N117: 2253 | O117: Go Jaehyeon - 5 | P117: Baek Jongbum | Q117: Relegated 1 | R117: 11
A118: K League 1 | B118: 12 | C118: Gwangju FC | D118: 17 | E118: 1 | F118: 5 | G118: 11 | H118: 8 | I118: 41 | J118: -33 | K118: 8 | L118: 0.47 | M118: D L L D L | N118: 4264 | O118: Sin Chang-moo, Moon Minseo - 3 | P118: Kim Kyeong-min | R118: 12
A119: Veikkausliiga | B119: 1 | C119: KuPS | D119: 16 | E119: 9 | F119: 6 | G119: 1 | H119: 29 | I119: 15 | J119: 14 | K119: 33 | L119: 2.06 | M119: D W W W W | N119: 3090 | O119: Jaime Moreno Ciorciari - 9 | P119: Johannes Kreidl | R119: 1
A120: Veikkausliiga | B120: 2 | C120: Inter Turku | D120: 15 | E120: 8 | F120: 6 | G120: 1 | H120: 23 | I120: 12 | J120: 11 | K120: 30 | L120: 2 | M120: D D D D W | N120: 3553 | O120: Alie Conteh - 7 | P120: Eetu Huuhtanen | R120: 2
A121: Veikkausliiga | B121: 3 | C121: VPS | D121: 16 | E121: 7 | F121: 6 | G121: 3 | H121: 23 | I121: 13 | J121: 10 | K121: 27 | L121: 1.69 | M121: W D W W L | N121: 3114 | O121: Luka Smyth - 7 | P121: Mamadou Wurie Jalloh | R121: 3
A122: Veikkausliiga | B122: 4 | C122: AC Oulu | D122: 16 | E122: 8 | F122: 2 | G122: 6 | H122: 20 | I122: 20 | J122: 0 | K122: 26 | L122: 1.63 | M122: W L D L L | N122: 2100 | O122: Rasmus Karjalainen - 8 | P122: Miguel Santos | R122: 4
A123: Veikkausliiga | B123: 5 | C123: HJK Helsinki | D123: 16 | E123: 7 | F123: 4 | G123: 5 | H123: 27 | I123: 20 | J123: 7 | K123: 25 | L123: 1.56 | M123: D W L L W | N123: 5469 | O123: Mads Borchers - 7 | P123: Matej Marković | R123: 5
...
